Country Name,postunemployment,preunemployment,agriculture,services,industry,minwage,pretax,posttax,tax,prerealinterest,postrealinterest,realinterest,prespending,postspending,spending,kWhcapita,incomeshare
Aruba,10.60000038,5.710000038,,,,,,,,4.200284159,11.05188117,6.851597011,21.66203803,27.15587754,5.493839515,,
Afghanistan,,,60.18399811,27.53100014,12.28499985,,22.00881498,27.39801737,5.38920239,-3.585111117,11.36409373,14.94920485,11.04200573,14.40849844,3.366492712,,
Angola,9.430000305,,42.24499893,49.34199905,8.413000107,84.74,81.82761632,71.99066071,-9.83695561,12.83733436,-6.944836263,-19.78217062,15.5369347,17.04234392,1.505409214,133.2672387,
Albania,14.08600044,15.96630001,45.49900055,37.45600128,17.04500008,154.82,,,,9.301400933,7.971075242,-1.330325691,10.47744189,11.15735506,0.679913172,1213.124369,
Andorra,,,,,,,,,,,,0,,,0,,
Arab World,9.22688142,9.664580026,26.83738969,50.36743162,22.7952441,,,,,,,0,14.80976985,15.90276342,1.092993568,1995.377548,
United Arab Emirates,,,4.34499979,59.23899841,36.41600037,,,,,,,0,6.732997877,10.03107177,3.298073898,11451.91363,
Argentina,7.713900089,8.470000267,1.118999958,74.96800232,23.91300011,,20.56269787,19.16404823,-1.39864964,,-8.56602872,-8.56602872,12.9893239,15.16371789,2.174393992,2455.656576,33.8
Armenia,19.00799942,9.812299728,36.52999878,44.5,18.96999931,58.47,24.3347396,25.69228346,1.35754386,12.74351141,10.60763579,-2.13587562,9.398191982,12.04370773,2.645515746,1773.159682,25.1
American Samoa,9.199999809,,,,,,,,,,,0,,,0,,
Antigua and Barbuda,,,,,,,,,,6.458247296,9.339595101,2.881347805,,,0,,
Australia,5.211299896,4.376999855,3.345000029,75.29499817,21.36000061,1855.95,72.21594078,69.87970752,-2.33623326,3.032237433,6.041415743,3.00917831,17.34393651,17.99900247,0.655065962,10972.89174,
Austria,4.820000172,4.857900143,5.52699995,67.14900208,27.3239994,,48.03232444,45.78434705,-2.24797739,,,0,18.74479207,20.49254767,1.747755598,8207.474739,23.8
Azerbaijan,5.630000114,6.329999924,38.54600143,48.82500076,12.62899971,,,39.2519563,39.2519563,-1.203864318,6.037490419,7.241354737,9.660266921,10.88143177,1.221164847,2118.210528,
Burundi,,,92.21700287,5.949999809,1.832999945,3.2,,,,7.915114947,3.554157242,-4.360957705,19.00000068,21.90000028,2.899999598,,
Belgium,8.292499542,7.457900047,1.855999947,73.71700287,24.42700005,1758.32,58.69090764,57.35611227,-1.33479537,,,0,21.61589482,23.73268609,2.116791272,8614.679503,23.5
Benin,1.039999962,,45.09799957,35.62400055,19.27799988,65.99,,,,4.344562975,4.195490191,-0.149072784,9.568485256,11.21186949,1.643384236,79.718096,
Burkina Faso,,3.299999952,60.19100189,24.9260006,14.88300037,64.11,23.84142524,23.61131242,-0.23011282,3.719664383,-1.584897915,-5.304562298,16.69010982,14.45752802,-2.2325818,,
Bangladesh,3.378900051,,48.04600143,36.86999893,15.08399963,24.13,22.67102583,25.98191627,3.31089044,5.789111438,4.736137546,-1.052973892,5.359456215,5.075325836,-0.284130379,206.1048823,
Bulgaria,10.27939987,6.877699852,7.544000149,56.95500183,35.5,125.96,31.40152223,25.67315075,-5.72837148,-0.984443288,9.92695403,10.91139732,16.69873984,16.60893285,-0.089806992,4523.322878,27.9
Bahrain,1.129999995,5.599999905,1.230000019,65.53299713,33.23699951,,,,,-0.156120282,-0.177845968,-0.021725686,12.09977872,12.927549,0.827770288,20592.34361,
"Bahamas, The",,7.880000114,2.305000067,79.74299622,17.95100021,,,,,2.47940468,5.91590879,3.43650411,10.09762355,12.51713591,2.419512361,,
Bosnia and Herzegovina,27.3118,28.9843998,19.81900024,47.59600067,32.58499908,,5.992105329,12.52396815,6.531862821,0.916564499,6.288330532,5.371766033,21.08047154,23.12709588,2.046624336,2382.543148,25.1
Belarus,,1,12.04800034,55.94200134,32.01100159,,9.90688952,12.70671526,2.79982574,-3.807565698,-1.863419192,1.944146506,18.52317648,16.02139549,-2.50178099,3393.908536,23.6
Belize,,8.510000229,19.36300087,63.21500015,17.42200089,292.5,30.43839071,36.41877381,5.9803831,9.049586259,14.14919764,5.099611381,15.26123781,16.1775196,0.916281794,,
Bermuda,6.489999771,,,,,,,,,,,0,,15.499057,15.499057,,
Bolivia,,5.179999828,36.09999847,44.22999954,19.67000008,,14.7839643,,-14.7839643,5.110628203,1.041037503,-4.0695907,14.05865256,13.83121835,-0.227434208,538.6862855,41.8
Brazil,,8.327300072,14.68299961,62.82500076,22.49200058,195.17,42.52381529,46.66017604,4.13636075,35.02251547,29.11580553,-5.90670994,18.94298761,19.01685784,0.073870228,2167.606584,43.2
Barbados,10.68999958,7.409999847,3.00999999,79.80999756,17.18000031,,38.58156055,34.06460082,-4.51695973,1.796844312,4.832012033,3.035167721,13.01407681,15.42587307,2.411796261,,
Brunei Darussalam,,,0.824000001,79.0490036,20.12700081,,,,,4.331025432,-9.588180213,-13.91920565,22.62047295,22.15088283,-0.469590128,8614.137319,
Bhutan,3.319999933,3.700000048,62.81900024,30.63100052,6.551000118,,56.71228891,63.77896692,7.06667801,10.72966416,7.616463989,-3.113200171,19.57193948,20.46793617,0.895996689,,29.4
Botswana,17.86000061,,23.71299934,56.78900146,19.49799919,100.17,36.73005599,45.65862423,8.92856824,10.7573147,2.330456765,-8.426857935,17.59478055,19.75650557,2.161725019,1535.090876,
Central African Republic,,,79.58399963,14.34700012,6.068999767,,,15.4885718,15.4885718,,,0,6.366866727,7.6361827,1.269315973,,
Canada,8.055500031,6.036099911,2.000999928,76.33399963,21.66600037,1291.38,77.15380374,76.19171859,-0.96208515,7.531595204,-0.256568989,-7.788164193,19.30103741,21.52604097,2.225003557,16683.13366,26
Central Europe and the Baltics,9.900179622,7.80873015,13.9356429,53.10688586,32.95761696,,,,,,,0,18.06364273,19.1911784,1.127535669,3984.588999,
Switzerland,4.802899837,3.651900053,4.002999783,73.45300293,22.54400063,,36.60566172,38.45646974,1.85080802,,2.408490744,2.408490744,10.90927484,11.60209816,0.692823319,8163.295576,26.7
Channel Islands,,,5.027999878,66.15200043,28.81999969,,,,,,,0,,,0,,
Chile,8.424300194,8.427000046,12.31099987,64.30599976,23.38199997,,51.22608896,33.58885898,-17.63722998,3.164327288,-3.861397184,-7.025724472,10.25271968,12.10874085,1.85602117,3339.464537,
China,4.099999905,4,40.79999924,32.40000153,26.79999924,95.96,28.64056461,25.41983339,-3.22073122,-0.259101589,-1.002183196,-0.743081607,14.62676321,14.58701901,-0.039744198,2325.926769,
Cote d'Ivoire,,,48.61299896,39.93999863,11.44699955,,29.20583027,23.98645204,-5.21937823,1.766704283,-0.25913201,-2.025836293,13.33857571,12.17758809,-1.160987622,187.1032109,
Cameroon,4.110000134,3.062700033,59.82699966,29.00399971,11.16899967,49.13,,,,,,0,10.35011987,11.38964162,1.039521751,253.7601943,33
"Congo, Dem. Rep.",,,71.05699921,20.54999924,8.392999649,,,,,22.22435169,29.58282582,7.35847413,6.947721592,7.295109631,0.347388039,105.2457208,
"Congo, Rep.",,,39.45600128,37.56399918,22.9810009,,33.86599627,38.93758016,5.07158389,,,0,16.97116253,10.44015976,-6.531002775,125.3831474,
Colombia,10.98400021,11.20400047,19.30500031,61.12400055,19.57099915,,,31.09117856,31.09117856,9.751511576,5.436534454,-4.314977122,13.73002945,13.76024703,0.03021758,988.5792325,
Comoros,,,54.93000031,31.27199936,13.79800034,89.69,,,,6.71696605,8.702667146,1.985701096,10.72412622,11.13884379,0.414717574,,
Cabo Verde,10.67000008,,17.49600029,60.34199905,22.16300011,,29.23632163,30.11437197,0.87805034,1.654809797,10.48187026,8.827060463,17.45978417,18.42871582,0.968931641,,37.1
Costa Rica,7.170800209,4.489999771,13.26500034,64.47899628,22.25600052,218.17,25.76067856,29.16699114,3.40631258,2.04736035,9.871389644,7.824029294,12.816825,16.75916331,3.942338315,1885.516779,38.9
Caribbean small states,9.439275737,8.410722464,12.80842749,65.37812777,21.81380053,,,,,,,0,,,0,3088.804604,
Cuba,2.5,1.787999988,18.73999977,63.22999954,18.03000069,,,,,,,0,35.40975942,34.75935829,-0.65040113,1302.44788,
Curacao,,,,,,,,,,,,0,16.66394426,16.19185328,-0.472090981,7323.540845,
Cayman Islands,6.679999828,3.829999924,,,,,,,,,,0,,,0,,
Cyprus,6.262800217,3.921999931,4.385000229,73.09600067,22.5189991,,40.37329476,38.8423305,-1.53096426,,,0,16.44454792,18.51985994,2.075312025,4377.12052,25.5
Czech Republic,7.279099941,5.320099831,3.58100009,56.20100021,40.2179985,,39.58021716,32.53667433,-7.04354283,2.193076972,7.419037594,5.225960622,19.42216865,20.82827756,1.406108909,6518.217413,22.3
Germany,6.966400146,8.6583004,2.257999897,67.84500122,29.89599991,,41.06247794,37.75874326,-3.30373468,,,0,17.85505391,19.56321167,1.708157758,7229.089913,25.2
Djibouti,,,42.30799866,46.2519989,11.43999958,,,,,,,0,,,0,,
Dominica,,,,,,,,,,7.528028385,9.131222238,1.603193853,,,0,,
Denmark,7.463600159,3.801000118,2.963999987,73.52899933,23.50699997,,49.22068196,50.23572692,1.01504496,,,0,24.33796324,27.36584798,3.027884737,6668.390266,22.1
Dominican Republic,5.211999893,5.157700062,12.85400009,64.67299652,22.47299957,,25.44035027,22.15783577,-3.2825145,7.608970501,6.347720672,-1.261249829,9.177067843,9.927111366,0.750043523,1359.052244,38.6
Algeria,9.960000038,13.78999996,15.58500004,56.54299927,27.87199974,173.18,,,,1.510122613,-6.988912854,-8.499035467,11.64344749,17.22705894,5.583611454,894.2846911,
East Asia & Pacific (excluding high income),3.928792348,4.189762605,41.52197082,33.88188595,24.59614338,,,,,,,0,13.66488629,13.80669745,0.141811158,1865.200103,
Early-demographic dividend,4.554342267,,44.18862966,35.95945491,19.85238213,,,,,,,0,12.01032992,12.96717206,0.956842136,928.9659323,
East Asia & Pacific,4.022540469,4.148938225,37.70329316,37.45620641,24.84048861,,,,,,,0,15.26218077,15.97646173,0.714280961,2645.087832,
Europe & Central Asia (excluding high income),8.465350454,6.73498745,18.44923541,54.69186332,26.85892348,,,,,,,0,15.82365492,16.9758427,1.152187778,4124.677719,
Europe & Central Asia,9.039228021,6.930614623,10.83253986,62.03593648,27.13138338,,,,,,,0,19.02035369,20.77200022,1.751646531,5557.635909,
Ecuador,4.087500095,3.142299891,28.48699951,52.8769989,18.63500023,,,,,,,0,10.92815513,13.19965288,2.271497743,952.8168216,42
"Egypt, Arab Rep.",8.756500244,8.800000191,31.75799942,46.07899857,22.16300011,,51.20012386,44.93866335,-6.26146051,-0.077628594,0.818721619,0.896350213,11.33190118,11.1636002,-0.168300983,1424.568214,
Euro area,10.07037787,7.435155575,4.146380443,68.22799357,27.62520657,,,,,,,0,19.65391595,21.56453923,1.910623287,6861.332255,
Eritrea,,,65.05400085,25.32299995,9.621999741,,,,,,,0,25.63464495,31.80626627,6.171621316,81.76107345,
Spain,19.85969925,8.232099533,4.515999794,66.375,29.10899925,912.33,56.10767803,46.04196561,-10.06571242,,,0,17.70563411,20.63290231,2.927268201,6054.374438,25.6
Estonia,16.7071991,4.592000008,4.77699995,60.09500122,35.12799835,315.32,36.07952147,33.20021764,-2.87930383,,,0,16.0879155,20.0661997,3.978284207,6277.411463,24
Ethiopia,,,76.59100342,15.78499985,7.625,35.69,19.46852982,26.51964395,7.05111413,-8.292553683,,8.292553683,,,0,39.56648029,
European Union,9.795787018,7.448099568,6.249322041,65.31695633,28.43340764,,,,,,,0,19.80333073,21.63021923,1.826888493,6405.551689,
Fragile and conflict affected situations,,,51.12300904,35.89342465,12.98364686,,,,,,,0,12.97655768,12.10954508,-0.867012604,495.8652173,
Finland,8.394399643,6.854000092,4.537000179,69.7460022,25.71800041,,37.60245642,28.05383319,-9.54862323,,,0,20.76687051,23.68623866,2.919368149,17160.86312,23.3
Fiji,8.909999847,,44.95100021,40.52099991,14.52799988,249.22,,32.45801038,32.45801038,5.876866228,3.127572744,-2.749293484,,,0,,
France,8.871299744,7.656700134,3.453999996,73.22100067,23.3239994,1754.31,47.99293844,45.48585586,-2.50708258,,,0,22.43313965,23.98925669,1.556117039,7513.579565,26.2
Faroe Islands,,,,,,,,,,,,0,29.08685469,32.93947266,3.85261797,,
"Micronesia, Fed. Sts.",,,,,,,,31.11606789,31.11606789,10.52115121,11.1261036,0.60495239,,,0,,
Gabon,20.38999939,,38.31999969,51.62599945,10.0539999,167.14,,,,,,0,13.67412895,13.48694438,-0.187184568,969.7298949,
United Kingdom,7.786600113,5.262000084,1.366000056,76.44499969,22.18899918,1766.81,51.63131017,49.23154348,-2.39976669,2.850316247,-1.017852967,-3.868169214,19.6442686,21.65854,2.0142714,6102.396768,28
Georgia,20.20269966,13.27999973,53.43099976,36.1969986,10.37199974,11.97,17.70802192,36.90880585,19.20078393,6.962912716,1.450085764,-5.512826952,16.49660464,15.27110753,-1.225497118,1829.976908,28.9
Ghana,5.320000172,,53.97200012,32.05400085,13.97299957,54.85,26.68356298,35.60781214,8.92424916,,,0,8.524940361,7.069499421,-1.45544094,241.2912833,
Gibraltar,,,,,,,,,,,,0,,,0,4475.340872,
Guinea,,,68.46600342,26.08699989,5.446000099,,,,,,,0,6.778314683,12.5681988,5.789884114,,30.1
"Gambia, The",,,32.92100143,50.93399811,16.14500046,,31.52833031,,-31.52833031,22.50814651,20.21468541,-2.2934611,7.920049784,10.13862681,2.218577028,,
Guinea-Bissau,,,71.77100372,20.97100067,7.258999825,,,,,0.355080129,2.086119507,1.731039378,10.66711169,9.200918873,-1.466192814,,
Equatorial Guinea,,,43.15499878,35.50699997,21.33799934,,89.69263179,88.88372685,-0.80890494,,,0,7.658406874,11.68623339,4.027826517,,
Greece,12.71310043,8.396499634,11.32999992,66.22599792,22.44400024,1051.91,36.46399457,34.91573649,-1.54825808,,,0,20.5202835,22.20415793,1.683874431,5701.330854,26
Grenada,,,,,,,,,,7.267924037,10.04710918,2.779185143,,,0,,
Greenland,7.800000191,,,,,,,,,,,0,46.10403926,46.81488848,0.710849221,,
Guatemala,3.496599913,,33.02399826,44.0719986,22.90399933,,27.41473583,29.68769666,2.27296083,5.320971204,7.798767876,2.477796672,8.658055797,10.47586427,1.817808478,552.4961496,
Guam,8.199999809,8.300000191,0.363999993,85.07299805,14.56299973,,,,,,,0,,,0,,
Guyana,,,21.45599937,54.49200058,24.05200005,,,,,1.702139866,8.329960967,6.627821101,15.15976225,15.02084638,-0.138915862,,
High income,8.290505857,5.641333586,4.146109411,70.34505231,25.50900702,,,,,,,0,17.38361725,18.98331025,1.599693,9224.427547,
"Hong Kong SAR, China",4.309999943,4.010000229,0.180000007,85.68099976,14.13899994,,,,,4.290354148,4.716499858,0.42614571,8.418385273,8.859323595,0.440938322,5907.349305,
Honduras,4.118700027,3.210500002,33.99200058,43.67900085,22.32900047,,30.95260785,30.67070784,-0.28190001,9.359386039,13.55479289,4.195406851,16.60237396,17.92643157,1.32405761,634.9476303,43.1
Heavily indebted poor countries (HIPC),,,65.95743849,24.87032703,9.172419089,,,,,,,0,12.69829963,11.1285908,-1.569708839,168.8684769,
Croatia,11.62030029,9.90929985,12.35400009,57.00299835,30.64299965,556.63,17.89999738,14.96790646,-2.93209092,4.981829983,9.368785189,4.386955206,19.08014784,20.50701895,1.426871117,3846.674077,
Haiti,,16.79999924,34.34799957,58.49200058,7.159999847,49.37,,,,13.92316909,14.20907303,0.28590394,,7.642898349,7.642898349,25.48621806,
Hungary,11.1718998,7.405900002,4.585999966,62.89899826,32.51499939,356.7,36.67817393,33.13963858,-3.53853535,3.457152132,5.082177196,1.625025064,20.81108209,21.57007944,0.758997354,3976.518977,22.3
IBRD only,4.781473787,5.642187149,37.75551363,38.31306025,23.93163428,,,,,,,0,14.04168425,14.68470608,0.643021823,1756.68117,
IDA & IBRD total,4.684660213,,41.48060999,36.81454226,21.70505412,,,,,,,0,13.87338918,14.44062146,0.567232281,1468.726041,
IDA total,,,56.82710184,30.64101231,12.53208489,,,,,,,0,11.02287071,10.43926259,-0.583608119,299.101521,
IDA blend,,,46.80826681,38.14927619,15.04282729,,,,,,,0,11.04081684,10.82742375,-0.213393087,391.0157368,
Indonesia,5.613500118,8.060199738,41.26100159,39.92300034,18.81599998,73.07,,49.36299524,49.36299524,2.339674091,-1.746097536,-4.085771627,8.346469679,9.005914993,0.659445314,546.1534689,30.1
IDA only,,,61.31393745,27.278511,11.40767388,,,,,,,0,11.00547219,10.08323254,-0.922239654,239.809732,
Isle of Man,,1.399999976,,,,,,,,,,0,,,0,,
India,2.443599939,,53.93399811,25.70100021,20.36599922,41.5,52.57870309,55.20633688,2.62763379,5.681844063,-1.983859222,-7.665703285,9.862115728,11.00760787,1.145492139,541.7383947,
Not classified,,,,,,,,,,,,0,,,0,,
Ireland,14.53279972,4.980100155,5.44299984,68.78900146,25.76799965,2003.43,49.62436906,50.92455824,1.30018918,,,0,16.87342991,18.78842704,1.914997135,6218.313404,25.5
"Iran, Islamic Rep.",13.52000046,10.60000038,22.81100082,45.1230011,32.06600189,,61.61629362,,-61.61629362,-8.897954183,-3.350481524,5.547472659,9.477097137,10.80454017,1.327443033,2307.290906,
Iraq,,8.646100044,23.67300034,55.18099976,21.14699936,,,,,3.275653063,-1.922094573,-5.197747636,18.7262408,18.91884503,0.192604235,782.0503046,
Iceland,7.56430006,2.2506001,5.919000149,73.18399811,20.89699936,,40.12311136,39.54180303,-0.58130833,14.37975288,3.600505078,-10.7792478,23.0749186,24.68375,1.608831401,36852.54489,24.8
Israel,8.479999542,9.37899971,1.631999969,76.51699829,21.85199928,903.1,48.99831136,41.01010819,-7.98820317,5.517776467,3.359432481,-2.158343986,23.00392898,22.71637979,-0.287549182,7003.24508,29.5
Italy,8.362500191,6.075399876,3.967000008,65.90200043,30.13100052,,56.42466253,54.61171346,-1.81294907,3.762434675,3.579685793,-0.182748882,19.02764596,20.55298417,1.525338207,5804.325964,24.9
Jamaica,12.36590004,9.745300293,18.40999985,64.54000092,17.0510006,200.41,46.86945772,42.23869461,-4.63076311,5.279057528,9.683363912,4.404306384,14.88756052,16.12006097,1.232500444,1926.865102,
Jordan,12.5,13.10000038,3.687999964,69.79299927,26.5189991,155.15,16.52310363,20.91831609,4.39521246,3.451605281,0.54661676,-2.904988521,20.31781438,17.04380899,-3.274005393,1784.732258,
Japan,5.099999905,3.900000095,4.31400013,68.16999817,27.51600075,,58.50141625,53.15096835,-5.3504479,2.631929162,3.560983326,0.929054164,17.94561173,19.49160384,1.54599211,8710.025703,
Kazakhstan,5.769999981,7.260000229,31.21699905,49.85499954,18.9279995,79.57,,51.34655547,51.34655547,,,0,11.05392273,10.81234472,-0.241578014,4487.28613,24.6
Kenya,,,60.9469986,32.54800034,6.505000114,121.38,,,,4.819090789,12.02823273,7.209141941,14.62961147,14.16902915,-0.460582317,139.4359914,
Kyrgyz Republic,8.640000343,8.100000381,34.48699951,45.23500061,20.27799988,,,,,7.261727204,12.43804404,5.176316836,17.10302563,18.12707124,1.024045609,1456.229595,26.5
Cambodia,0.770600021,1.257099986,58.1269989,27.15299988,14.72000027,50,14.13427293,17.00715542,2.87288249,,,0,5.730862562,6.344682164,0.613819603,100.5850747,
Kiribati,30.57999992,,,,,,,,,,,0,,61.32324342,61.32324342,,
St. Kitts and Nevis,,,,,,,25.72679405,27.42418122,1.69738717,-0.842642145,6.383517112,7.226159257,,,0,,
"Korea, Rep.",3.700000048,3.200000048,7.367000103,66.71499634,25.91699982,,46.00131047,42.04972312,-3.95158735,4.057175439,2.278198445,-1.778976994,13.44286962,14.20483208,0.761962456,8462.206543,
Kuwait,1.820000052,1.5,2.58100009,74.15699768,23.26199913,,30.79096045,,-30.79096045,4.054288247,-5.113880201,-9.168168448,14.00557387,17.13040219,3.124828317,17093.32078,
Latin America & Caribbean (excluding high income),,6.93360313,16.63174231,61.19291835,22.1751961,,,,,,,0,15.09808021,15.65327968,0.555199474,1806.691948,
Lao PDR,0.708299994,,75.2460022,17.85300064,6.901000023,,,,,19.60354616,12.28603495,-7.31751121,7.916036684,11.89822412,3.982187436,,29.3
Lebanon,,8.979999542,16.4489994,59.11700058,24.43300056,199,23.38575023,20.99757429,-2.38817594,6.863656142,8.080264041,1.216607899,13.72455493,12.21987078,-1.504684151,2396.722368,
Liberia,2.26609993,,49.07600021,40.25600052,10.66800022,,30.37582408,31.3384713,0.96264722,2.703599751,7.257866331,4.55426658,13.60973052,14.23686687,0.62713635,,28.3
Libya,,,20.38999939,52.28900146,27.32099915,199.44,,,,-4.521853726,-7.148731162,-2.626877436,11.92032471,,-11.92032471,3792.77119,
St. Lucia,,14,20.21800041,61.0929985,18.68899918,,26.7975209,30.61546011,3.81793921,-0.327152452,1.400659213,1.727811665,,,0,,
Latin America & Caribbean,,7.011620755,16.32718887,61.47939102,22.19325524,,,,,,,0,14.81902932,15.41664754,0.597618216,1864.206624,
Least developed countries: UN classification,,,62.77037207,26.56588532,10.66390491,,,,,,,0,11.83337539,11.17983731,-0.653538082,144.8728598,
Low income,,,66.0450033,24.23562801,9.719610553,,,,,,,0,12.68579896,,-12.68579896,,
Liechtenstein,,2.00999999,,,,,,,,,,0,,,0,,
Sri Lanka,4.78399992,5.96999979,35.22100067,39.6969986,25.08200073,37.31,21.05680945,18.71309492,-2.34371453,2.6732136,-10.2457951,-12.9190087,15.27221708,8.455846067,-6.816371014,420.3196001,
Lower middle income,3.489152992,,49.59103078,31.95999345,18.44949808,,,,,,,0,10.86486051,11.62430704,0.759446534,568.932667,
Low & middle income,4.623010245,,41.88925919,36.55999401,21.55095377,,,,,,,0,13.85414457,14.39389792,0.53975335,1435.570211,
Lesotho,,,12.8039999,45.6230011,41.57300186,107.16,26.10818978,39.80246959,13.69427981,20.61392601,1.473717215,-19.1402088,35.24404095,40.83321887,5.589177917,,
Late-demographic dividend,4.706960235,4.835918545,35.15307793,39.00854441,25.83837341,,,,,,,0,15.36215329,15.82273904,0.460585755,2555.988629,
Lithuania,17.81410027,4.25,11.32499981,58.12599945,30.54800034,277.84,44.42086994,28.62697108,-15.79389886,,,0,17.44737017,19.9007254,2.453355222,3564.206785,26.8
Luxembourg,4.360799789,4.065199852,1.845000029,81.23400116,16.92099953,2152.03,44.86388998,48.39355909,3.52966911,,,0,15.21740399,17.03529799,1.817893997,16352.3218,25.1
Latvia,19.4822998,6.051599979,10.18000031,61.18700027,28.63299942,236.19,24.23150465,15.88031986,-8.35118479,,,0,17.62309716,18.43057484,0.807477681,3169.077295,28.3
"Macao SAR, China",2.839999914,3.200000048,0.398000002,81.58499908,18.0170002,,8.275414868,4.134070208,-4.14134466,-0.930604831,0.449150586,1.379755417,8.781940807,8.18214538,-0.599795427,,
St. Martin (French part),,,,,,,,,,,,0,,,0,,
Morocco,9.090000153,9.56000042,42.43199921,37.01499939,20.55200005,224.84,37.95579074,35.00127157,-2.95451917,,,0,17.51455531,17.94783234,0.433277027,717.2774531,
Monaco,,,,,,,,,,,,0,,,0,,
Moldova,7.446400166,5.070000172,32.75999832,48.5,18.73999977,,5.866026009,1.648330645,-4.217695364,2.516018796,-12.71140735,-15.22742615,19.94773535,18.21365556,-1.734079795,2485.184078,26.8
Madagascar,4.28000021,,78.72299957,16.93000031,4.347000122,33.91,12.70670469,27.53292845,14.82622376,10.24284457,32.46410144,22.22125687,19.02903858,13.11607497,-5.912963605,,
Maldives,,,14.61299992,62.95399857,22.43300056,,5.817355685,,-5.817355685,2.617128744,7.284516261,4.667387517,,,0,,
Middle East & North Africa,10.14687393,9.85648023,22.13405082,52.05565365,25.81028491,,,,,,,0,14.62280724,15.80740694,1.184599705,2333.772034,
Mexico,5.303299904,3.627599955,13.79199982,60.00400162,26.20299911,,,50.58254333,50.58254333,1.674815923,0.709277589,-0.965538334,10.40538114,11.77136331,1.365982166,2047.531118,
Marshall Islands,,,,,,,,37.86909935,37.86909935,,,0,59.23991095,55.21725752,-4.02265343,,
Middle income,4.579902389,,39.89900723,37.57542924,22.52576763,,,,,,,0,13.87022972,14.43253644,0.562306723,1502.975176,
North Macedonia,32.0196991,34.93450165,18.25,50.41899872,31.33099937,,20.7508295,130.5397747,109.7889452,5.650167967,8.481425489,2.831257522,16.80312372,18.29058578,1.487462064,3621.528924,
Mali,8.069999695,11.71000004,69.77700043,21.23600006,8.987000465,59.47,20.91426329,29.99948672,9.08522343,0.188054614,0.71404415,0.525989536,13.94575919,15.68764548,1.741886289,,
Malta,6.847400188,6.472300053,1.820000052,71.86499786,26.31500053,824.89,44.51702514,44.64583836,0.12881322,3.347139688,0.741729294,-2.605410394,17.93660443,19.49238579,1.555781358,4873.083467,22.6
Myanmar,,,55.68500137,27.19300079,17.12199974,,,,,-5.373421319,9.301652978,14.6750743,,10.81633212,10.81633212,89.45723601,
Middle East & North Africa (excluding high income),11.07771197,10.47023704,26.11959945,48.2063151,25.67402689,,,,,,,0,12.58742268,13.85197793,1.264555255,1423.195814,
Montenegro,19.64870071,19.39999962,8.654000282,73.80699921,17.53899956,,,,,-5.893620444,7.800633888,13.69425433,19.88220717,22.09341171,2.211204541,6564.643799,
Mongolia,6.549399853,7.199999809,41.58000183,44.74000168,13.68000031,,24.30710259,42.56881598,18.26171339,9.137236011,-13.7301743,-22.86741031,13.07116868,12.6881257,-0.383042986,1332.783308,27.8
Northern Mariana Islands,11.17000008,,,,,,,,,,,0,,,0,,
Mozambique,,,78.29599762,17.31999969,4.383999825,81.27,,33.15558964,33.15558964,11.09896655,7.669613581,-3.429352969,15.89681726,17.95566181,2.058844555,459.8281131,
Mauritania,,,58.02399826,29.93600082,12.03999996,813.69,,,,19.47892007,-1.579411551,-21.05833162,14.73555668,13.52009151,-1.215465169,,
Mauritius,7.653900146,8.475299835,9.43200016,58.62799835,31.94000053,130.71,19.73396142,25.18990702,5.4559456,12.52521686,7.662271817,-4.862945043,12.43559251,13.81848765,1.382895136,1816.671103,
Malawi,,,50.44400024,35.6570015,13.89900017,18.02,,41.97106085,41.97106085,22.68551349,11.14611158,-11.53940191,10.99395648,14.23141047,3.237453983,,
Malaysia,3.390000105,3.230000019,14.78999996,56.75,28.45999908,,67.52547738,66.46005104,-1.06542634,1.456735349,-2.113277324,-3.570012673,11.56686807,12.58116903,1.014300961,3272.896296,34.7
North America,9.463626976,4.771044207,1.366586377,76.54547089,22.08894288,,,,,,,0,15.58563819,17.17649683,1.590858643,13955.28481,
Namibia,22.10000038,,28.98900032,56.34400177,14.66699982,,35.3544569,46.31191337,10.95745647,2.47852923,5.944006575,3.465477345,23.86189577,25.5540967,1.692200923,1606.268384,
New Caledonia,,,2.890000105,75.12000275,21.98999977,1466.46,,,,,,0,,,0,,
Niger,,,77.55599976,14.77099991,7.672999859,59.22,,,,0.174433397,2.032619325,1.858185928,17.14545966,15.46991166,-1.675547995,39.08644225,31.4
Nigeria,,,43.69499969,45.52899933,10.77600002,43.72,,,,9.187171228,1.067736064,-8.119435164,9.448340036,8.848100208,-0.600239828,138.9094109,
Nicaragua,7.829999924,4.889999866,29.6079998,50.08000183,20.31200027,,30.26731295,32.63827054,2.37095759,3.070374077,6.76486081,3.694486733,14.01825484,14.0976087,0.079353862,458.4928055,
Netherlands,4.988999844,4.152699947,3.335000038,76.88500214,19.78000069,1804.92,46.68052741,47.37030438,0.68977697,2.480558655,0.802043846,-1.678514809,23.23449134,26.24333724,3.008845904,7157.378577,24.1
Norway,3.521399975,2.493400097,2.864000082,75.95600128,21.18000031,,55.49097537,54.77683422,-0.71414115,,,0,18.72870635,21.34020766,2.611501303,24855.00046,22.2
Nepal,,,71.77799988,15.61499977,12.60700035,49.69,19.29500455,21.16672162,1.87171707,,,0,9.198477111,9.992588705,0.794111594,87.63357914,
Nauru,,,,,,,,,,,,0,,,0,,
New Zealand,6.55700016,3.661000013,7.165999889,70.73500061,22.09900093,1433.11,66.39920295,63.29475329,-3.10444966,3.061981829,3.020793238,-0.041188591,18.41082782,19.68763975,1.276811933,9640.607983,
OECD members,8.336681731,5.632018438,5.609262502,69.23257934,25.15820417,,,,,,,0,17.33816405,18.96767752,1.629513472,8139.363067,
Oman,,,8.420999527,67.94300079,23.63699913,364.11,,,,-0.826529621,-7.345574868,-6.519045247,18.81063911,18.65511739,-0.155521721,4387.394351,
Other small states,,,22.90930932,52.51345205,24.57735238,,,,,,,0,15.98901135,17.58759214,1.598580786,,
Pakistan,0.652899981,0.397700012,43.64099884,35.38499832,20.97500038,75.73,,,,4.189272918,2.879795804,-1.309477114,9.873994917,10.31622663,0.44223171,459.5606392,27.1
Panama,3.713000059,6.78000021,14.73999977,65.98000336,19.28000069,,,,,3.26740953,5.014753996,1.747344466,12.46666825,12.61230354,0.145635297,1571.948721,39.7
Peru,3.478399992,4.188199997,29.43400002,54.27600098,16.29100037,,43.57346155,40.02612054,-3.54734101,21.05116741,12.54947337,-8.50169404,10.45503029,10.52583592,0.07080563,966.7507757,37.8
Philippines,3.605099916,3.434200048,34.5929985,49.50799942,15.89900017,204.6,45.75966694,44.7327852,-1.02688174,5.433182362,3.310497473,-2.122684889,9.231582343,9.720395177,0.488812834,581.6533711,
Palau,,,,,,,,21.44873814,21.44873814,,,0,33.10296495,37.46493165,4.361966696,,
Papua New Guinea,2.001699924,,68.94799805,26.91600037,4.136000156,60.37,,,,6.792384158,0.480973554,-6.311410604,,,0,,
Poland,9.637200356,9.601699829,14.74499989,54.53099823,30.72400093,338.16,28.06936857,24.20576663,-3.86360194,,,0,18.12312068,19.1196556,0.996534917,3661.646104,26.4
Pre-demographic dividend,,,59.34979505,31.21292016,9.437372125,,,,,,,0,13.49504272,12.84004099,-0.655001728,193.9859944,
Puerto Rico,16.10000038,10.93000031,1.129999995,79.69200134,19.1779995,,,,,,,0,11.74253892,11.02028536,-0.722253565,,
"Korea, Dem. People’s Rep.",,,54.26399994,29.70999908,16.02599907,,,,,,,0,,,0,749.1628918,
Portugal,10.76990032,7.963699818,11.84200001,57.91699982,30.24099922,644.36,38.62523235,38.28368807,-0.34154428,,,0,19.6068704,20.59315438,0.986283983,4890.560188,28.9
Paraguay,4.569099903,4.713300228,28.66900063,53.08100128,18.25,,17.44173722,18.2988173,0.85708008,10.99960095,20.50339915,9.5037982,7.671423789,8.800705582,1.129281793,978.7565974,42.5
West Bank and Gaza,21.41600037,18.28190041,16.05599976,60.18000031,23.76399994,,8.20610687,7.593744374,-0.612362496,2.641278517,-6.267272333,-8.90855085,29.11838425,28.05757817,-1.060806078,,27.6
Pacific island small states,,,46.44243377,40.75385705,12.80382941,,,,,,,0,,,0,,
Post-demographic dividend,8.324212104,5.469391795,4.126162304,70.84556611,25.02841884,,,,,,,0,17.51572095,19.15482222,1.639101266,9320.891154,
French Polynesia,,11.73999977,9.251000404,73.4469986,17.30200005,,,,,,,0,,,0,,
Qatar,0.449999988,0.519999981,2.354000092,45.78300095,51.86299896,,,,,-3.191431678,0.273060307,3.464491985,12.4038435,13.98389986,1.580056357,14833.79485,
Romania,6.959199905,6.413099766,29.53000069,39.06499863,31.40600014,159.95,35.40049984,32.74982796,-2.65067188,-2.130870771,10.17165292,12.30252369,15.39054963,15.47522277,0.084673139,2529.906888,27.4
Russian Federation,7.368800163,6.001999855,8.857000351,61.98500061,29.15800095,89.91,11.39217503,4.423665701,-6.968509329,-3.344926611,-2.955083731,0.38984288,17.29753429,18.72505542,1.42752113,6286.049392,32.8
Rwanda,,,83.14399719,12.52900028,4.327000141,3.96,,,,3.796930474,14.02866179,10.23173132,14.48458226,13.37305834,-1.111523927,,
South Asia,2.392050179,,52.67000816,27.61458936,19.71625845,,,,,,,0,9.735479081,10.5399946,0.804515521,492.3447826,
Saudi Arabia,5.550000191,5.730000019,4.289999962,74.87000275,20.84000015,,,14.21985391,14.21985391,,,0,20.66207475,20.20281753,-0.459257222,6942.537139,
Sudan,,,48.12799835,37.75699997,14.11600018,61.5,,11.33234907,11.33234907,,,0,14.43612397,7.47025279,-6.96587118,90.54622292,
Senegal,,,40.61999893,46.58599854,12.79399967,75.72,,,,-0.537687683,3.995219785,4.532907468,12.32129116,13.53740044,1.216109278,184.0493947,
Singapore,4.119999886,3.900000095,1.019000053,75.59400177,23.38699913,,42.72761077,44.5996015,1.87199073,-0.553498128,4.230749,4.784247128,9.136127344,9.691568386,0.555441042,8706.579067,
Solomon Islands,,,47.38600159,44.61800003,7.995999813,38.29,,,,2.002212313,7.136117515,5.133905202,,,0,,
Sierra Leone,,,66.66400146,27.61700058,5.71999979,,,,,17.04521826,3.475834493,-13.56938377,8.646461876,10.39971474,1.75325286,,
El Salvador,4.893199921,6.409999847,18.02400017,58.58200073,23.39500046,,33.8798006,35.76962633,1.88982573,,,0,14.34420251,15.71151344,1.367310931,882.1106454,35.7
San Marino,4.369999886,,,,,,37.47157682,37.43804907,-0.03352775,5.74402475,5.826871958,0.082847208,,,0,,
Somalia,,,84.1309967,11.625,4.244999886,,,,,,,0,,,0,,
Serbia,19.21759987,18.05999947,20.80800056,49.73500061,29.45700073,254.86,16.73722961,15.97801804,-0.75921157,-3.963632714,0.810459663,4.774092377,20.73580476,19.13874605,-1.597058714,4159.137225,
Sub-Saharan Africa (excluding high income),,,59.61965664,30.5033376,9.877142297,,,,,,,0,13.89719505,14.11917835,0.221983304,535.7017542,
South Sudan,,,56.30899811,26.16799927,17.52300072,,,,,,,0,,16.30344832,16.30344832,,
Sub-Saharan Africa,,,59.53428507,30.55117897,9.914672258,,,,,,,0,13.901927,14.12749953,0.225572529,538.2272729,
Small states,,,22.09994484,54.6377289,23.26249365,,,,,,,0,15.71976945,17.36451282,1.644743368,,
Sao Tome and Principe,,,26.41799927,56.08599854,17.49600029,,,,,20.34798689,14.57760861,-5.77037828,,,0,,
Suriname,7.150000095,,8.036000252,67.73999786,24.22400093,,,,,6.898239666,4.099001981,-2.799237685,10.12281355,13.32443926,3.20162571,2768.099753,
Slovak Republic,14.37940025,11.14340019,4.210999966,56.40999985,39.38000107,,36.33790827,34.90409805,-1.43381022,,,0,17.14250536,19.24471815,2.102212791,5272.370783,20.8
Slovenia,7.236199856,4.818099976,9.888999939,54.86899948,35.24200058,715.12,30.57700362,23.62577576,-6.95122786,,,0,17.45405034,20.41953635,2.965486018,7137.824175,20.4
Sweden,8.609700203,6.160900116,2.250999928,76.10299683,21.64500046,,21.73145007,18.13676027,-3.5946898,,,0,24.14656243,25.03236949,0.885807065,15257.93575,21.7
Eswatini,,28.23999977,16.17200089,58.00699997,25.82099915,,,,,7.763105124,6.349809261,-1.413295863,17.7647046,20.89880337,3.134098776,,
Sint Maarten (Dutch part),,,,,,,,,,,,0,,,0,,
Seychelles,,,,,,,22.38432183,31.91130156,9.52697973,-0.810525663,17.6593116,18.46983726,35.28732313,27.28748398,-7.999839149,,
Syrian Arab Republic,8.609999657,8.420000076,19.13999939,51.79999924,29.05999947,525.61,,,,,,0,12.30532266,,-12.30532266,1540.326429,
Turks and Caicos Islands,,5.429999828,,,,,,,,,,0,,,0,,
Chad,,,79.53900146,18.17300034,2.288000107,58.5,,,,,,0,5.999653877,6.735291521,0.735637644,,
East Asia & Pacific (IDA & IBRD countries),3.928792348,4.189762605,41.33817547,33.94206266,24.71976205,,,,,,,0,13.66537146,13.80728367,0.141912216,1879.529598,
Europe & Central Asia (IDA & IBRD countries),8.602934897,7.01826818,18.61538348,53.9400461,27.44463796,,,,,,,0,16.17962407,17.26138297,1.081758896,4004.96399,
Togo,,,45.85699844,41.71300125,12.43000031,28.7,21.73973612,14.57611047,-7.16362565,-0.20677005,4.450337627,4.657107677,13.62726143,13.36283457,-0.264426858,102.3586576,
Thailand,0.621500015,1.179999948,39.53099823,38.54899979,21.92000008,143.87,44.73703577,42.31004555,-2.42699022,3.486994756,0.243145418,-3.243849338,13.92594847,15.80081503,1.874866566,2080.2463,30.8
Tajikistan,,2.5,54.4109993,29.24500084,16.34399986,5.81,,,,-3.397938873,9.747249505,13.14518838,8.90397051,11.32670366,2.42273315,2073.15305,25.1
Turkmenistan,4,,26.86000061,35.6780014,37.46300125,,,,,,,0,9.848148148,7.128429819,-2.719718329,2254.349515,
Latin America & the Caribbean (IDA & IBRD countries),,7.093424135,16.37771504,61.32128948,22.3008268,,,,,,,0,14.58479762,15.21070917,0.625911544,1874.226833,
Timor-Leste,3.300899982,,52.93899918,37.52500153,9.536000252,,,95.42470296,95.42470296,6.020250436,0.175867275,-5.844383161,105.192075,103.1731683,-2.018906702,,22.9
Middle East & North Africa (IDA & IBRD countries),10.97938652,10.4060943,26.1931697,48.1187811,25.6879902,,,,,,,0,12.47310965,13.74222909,1.269119441,1423.195814,
Tonga,,,29.99099922,40.79000092,29.21899986,,,,,5.666589028,7.575354018,1.90876499,18.13517464,18.04553108,-0.089643556,,
South Asia (IDA & IBRD),2.392050179,,52.67000816,27.61458936,19.71625845,,,,,,,0,9.735479081,10.5399946,0.804515521,492.3447826,
Sub-Saharan Africa (IDA & IBRD countries),,,59.53428507,30.55117897,9.914672258,,,,,,,0,13.901927,14.12749953,0.225572529,538.2272729,
Trinidad and Tobago,4.032800198,5.539999962,3.812999964,64.34500122,31.84199905,246.52,67.10447962,62.22892346,-4.87555616,-0.888544432,-3.061060946,-2.172516514,,,0,5672.356091,
Tunisia,13.04889965,12.36480045,18.70199966,48.44400024,32.85400009,166.23,38.88999905,39.63192793,0.74192888,,,0,16.50747742,16.6170535,0.109576086,1151.025267,
Turkey,10.65970039,8.868300438,23.47800064,49.77299881,26.74900055,448.99,,28.47737545,28.47737545,,,0,13.49999924,14.97265828,1.472659043,2347.638137,28.2
Tuvalu,,,,,,,,,,,,0,,,0,,
Tanzania,,,71.73699951,22.69400024,5.568999767,,,29.45585326,29.45585326,6.389565193,4.675261601,-1.714303592,13.10926454,10.3622039,-2.747060642,81.7818181,31.9
Uganda,,,67.56999969,24.64699936,7.782999992,3.48,,,,10.98062354,8.689191191,-2.291432349,12.89303481,8.337712364,-4.555322447,,
Ukraine,8.100000381,6.350500107,21.01300049,52.70199966,26.28499985,91.09,28.58691554,23.78272496,-4.80419058,-7.475935813,1.708319336,9.184255149,17.03255572,19.38803683,2.355481106,3528.92445,22
Upper middle income,5.432217113,5.400920829,33.04183927,41.54838558,25.40975411,,,,,,,0,14.59150918,15.12351289,0.53200371,2366.322643,
Uruguay,7.158199787,9.403400421,10.67500019,67.64600372,21.67900085,,18.4683546,28.5715297,10.1031751,-0.43664832,5.165714017,5.602362337,11.4801832,12.64589599,1.165712793,2419.149822,35.4
United States,9.633399963,4.622099876,1.292999983,76.56999969,22.13800049,892.67,92.58956935,91.31987167,-1.26969768,5.22340589,2.060736709,-3.162669181,15.2147973,16.7431575,1.528360194,13657.45283,30.5
Uzbekistan,5.400000095,0.300000012,34.06299973,42.01699829,23.92000008,,,,,,,0,15.60908123,13.3319455,-2.277135735,1664.061337,
St. Vincent and the Grenadines,,,13.51900005,65.17199707,21.30900002,,25.72688007,25.81658814,0.08970807,1.109450797,4.53442591,3.424975113,,,0,,
"Venezuela, RB",7.112199783,7.279099941,8.836999893,68.03399658,23.12899971,,,,,1.434858453,-18.90855875,-20.3434172,12.47106949,11.20953884,-1.261530647,3019.163883,
British Virgin Islands,,,,,,,,,,,,0,,,0,,
Virgin Islands (U.S.),,,4.521999836,70.90000153,24.57799911,,,,,,,0,,,0,,
Vietnam,1.113600016,2.026400089,49.2840004,30.32799911,20.38800049,,,,,1.413637869,0.946652654,-0.466985215,5.55411628,5.992738995,0.438622715,728.0882438,
Vanuatu,1.847599983,,62.11199951,31.34199905,6.546999931,,,,,2.548809232,2.809124949,0.260315717,17.14386381,18.89062316,1.746759346,,
World,5.394838399,5.465011174,34.82323556,42.88500985,22.2919544,,,,,,,0,16.35746514,17.65141558,1.293950432,2822.17578,
Samoa,,,35.60200119,40.48500061,23.91300011,,,,,12.80613949,5.548680891,-7.257458599,,,0,,
Kosovo,,46.29999924,,,,,,,,10.80525947,9.229639341,-1.575620129,18.4530809,16.4084507,-2.044630199,2395.863861,
"Yemen, Rep.",17.81999969,15.32999992,27.47699928,54.97299957,17.54999924,,,,,6.4069326,0.175576626,-6.231355974,,,0,211.2062414,
South Africa,24.68309975,26.53989983,6.092000008,68.01499939,25.89299965,226.39,57.04101598,55.21257709,-1.82843889,3.966276006,3.274340373,-0.691935633,17.81401487,20.22963791,2.415623035,4851.693185,
Zambia,,,71.73000336,20.89900017,7.372000217,,44.37598467,51.48967359,7.11368892,5.240870634,6.112942212,0.872071578,,9.37963703,9.37963703,664.1628325,
Zimbabwe,,,65.76799774,25.08399963,9.147999763,,,33.37453583,33.37453583,,,0,3.20817462,15.31562372,12.1074491,760.2039243,
