Country Name,Country Code,Indicator Name,Indicator Code,1960,1961,1962,1963,1964,1965,1966,1967,1968,1969,1970,1971,1972,1973,1974,1975,1976,1977,1978,1979,1980,1981,1982,1983,1984,1985,1986,1987,1988,1989,1990,1991,1992,1993,1994,1995,1996,1997,1998,1999,2000,2001,2002,2003,2004,2005,2006,2007,2008,2009,2010,2011,2012,2013,2014,2015,2016,2017,2018,2019
Aruba,ABW,"Unemployment, total (% of total labor force) (national estimate)",SL.UEM.TOTL.NE.ZS,,,,,,,,,,,,,,,,,,,,,,,,,,,,,,,,6.079999924,,,6.449999809,,,7.449999809,,,6.920000076,6.900000095,,,,,,5.710000038,,,10.60000038,8.899999619,,,,,,,,
Afghanistan,AFG,"Unemployment, total (% of total labor force) (national estimate)",SL.UEM.TOTL.NE.ZS,,,,,,,,,,,,,,,,,,,,,,,,,,,,,,,,,,,,,,,,,,,,,,,,,2.494499922,,,,1.691900015,,,,,11.18360043,,
Angola,AGO,"Unemployment, total (% of total labor force) (national estimate)",SL.UEM.TOTL.NE.ZS,,,,,,,,,,,,,,,,,,,,,,,,,14.19999981,14.89999962,18.89999962,,,,,,,,,,,,,,,,,,23.6427002,,,,,3.782299995,9.430000305,7.362199783,,,,,,,,
Albania,ALB,"Unemployment, total (% of total labor force) (national estimate)",SL.UEM.TOTL.NE.ZS,,,,,,,,,,,,,,,,,,,,,5.599999905,5.099999905,3.599999905,4.400000095,5.699999809,6.699999809,6.400000095,6.099999905,7,7.300000191,9.5,9.100000381,26.5,22.29999924,18.39999962,12.89999962,12.30000019,14.89999962,17.70000076,18.39999962,16.79999924,16.39999962,15.80000019,15,14.39999962,14.10000038,13.80000019,15.96630001,13.05990028,13.67389965,14.08600044,13.48089981,13.37590027,15.86590004,17.48999977,17.07999992,,13.75,,
Andorra,AND,"Unemployment, total (% of total labor force) (national estimate)",SL.UEM.TOTL.NE.ZS,,,,,,,,,,,,,,,,,,,,,,,,,,,,,,,,,,,,,,,,,,,,,,,,,,,,,,,,,,,,
Arab World,ARB,"Unemployment, total (% of total labor force) (national estimate)",SL.UEM.TOTL.NE.ZS,,,,,,,,,,,,,,,,,,,,,,,,,,,,,,,,,,,,,,,,,,,,,,,10.31218886,9.664580026,9.928472113,9.512031375,9.22688142,11.16607934,10.57078798,,10.50851739,,9.554608446,,,
United Arab Emirates,ARE,"Unemployment, total (% of total labor force) (national estimate)",SL.UEM.TOTL.NE.ZS,,,,,,,,,,,,,,,,1.960000038,,,,,,,,,,1.149999976,,,,,,,,,,1.799999952,,,,,2.25,,,,,3.119999886,,,,,,,,,,,1.635501981,2.463000059,2.229000092,
Argentina,ARG,"Unemployment, total (% of total labor force) (national estimate)",SL.UEM.TOTL.NE.ZS,,,,,,,,,,,4.800000191,6,6.599999905,5.599999905,3.400000095,2.299999952,4.5,2.799999952,2.799999952,2,2.299999952,4.5,4.730000019,4.170000076,3.539999962,5.300000191,4.400000095,5.300000191,6,7.300000191,7.059999943,5.440000057,6.360000134,10.10000038,11.76000023,18.79999924,17.11000061,14.81999969,12.64999962,14.05000019,15,17.31999969,19.59000015,15.35999966,13.52210045,11.50590038,10.07750034,8.470000267,7.83739996,8.645299911,7.713900089,7.179500103,7.216599941,7.099599838,7.26760006,,,8.347399712,9.220499992,
Armenia,ARM,"Unemployment, total (% of total labor force) (national estimate)",SL.UEM.TOTL.NE.ZS,,,,,,,,,,,,,,,,,,,,,,,,,,,,,,,,,1.799999952,5.300000191,6.599999905,6.699999809,9.300000191,10.80000019,9.399999619,11.19999981,,,,,,,,9.812299728,22.97380066,18.43630028,19.00799942,18.4428997,17.30130005,16.17889977,17.49850082,18.26099968,17.61720085,17.7045002,,
American Samoa,ASM,"Unemployment, total (% of total labor force) (national estimate)",SL.UEM.TOTL.NE.ZS,,,,,,,,,,,,,,,12.98999977,17.23999977,19.07999992,14.86999989,13.78999996,14.35000038,12.40999985,12.60999966,12.77999973,12.96000004,13.10999966,13.28999996,13.38000011,,,,5.110000134,,,,,,,,,,5.050000191,,,,,9.979999542,,,,,9.199999809,,,,,,,,,
Antigua and Barbuda,ATG,"Unemployment, total (% of total labor force) (national estimate)",SL.UEM.TOTL.NE.ZS,,,,,,,,,,,,,,20.45999908,19.45999908,19.45000076,20.69000053,,,,,,,,,,,,,,,6,,,,,,,,,,8.420000076,,,,,,,,,,,,,,,,,,
Australia,AUS,"Unemployment, total (% of total labor force) (national estimate)",SL.UEM.TOTL.NE.ZS,,,,,,,,,,,,,,,,,,,,6.264900208,6.105199814,5.783599854,7.16260004,9.961400032,8.986800194,8.258099556,8.080599785,8.106399536,7.225800037,6.175000191,6.926000118,9.579199791,10.72879982,10.87380028,9.718700409,8.46930027,8.506199837,8.362199783,7.675600052,6.872300148,6.282599926,6.742300034,6.367599964,5.92869997,5.39470005,5.03249979,4.782299995,4.376999855,4.234200001,5.56069994,5.211299896,5.081099987,5.223599911,5.662000179,6.07679987,6.054200172,5.709899902,5.591100216,5.298399925,5.163300037
Austria,AUT,"Unemployment, total (% of total labor force) (national estimate)",SL.UEM.TOTL.NE.ZS,,,,,,,,,,2.799999952,2.400000095,1.5,1.299999952,1.200000048,1.299999952,2,2,1.799999952,2.099999905,2,1.899999976,2.059999943,3.349999905,4.110000134,3.799999952,3.599999905,3.119999886,3.789999962,3.549999952,3.140000105,3.25,3.420000076,3.589999914,4.25,3.535000086,4.347300053,5.281300068,5.149499893,5.522600174,4.697700024,4.687200069,4.006999969,4.849299908,4.77850008,5.834199905,5.627500057,5.242800236,4.857900143,4.128099918,5.301400185,4.820000172,4.563799858,4.864999771,5.334799767,5.619699955,5.722700119,6.013800144,5.499000072,4.84800005,
Azerbaijan,AZE,"Unemployment, total (% of total labor force) (national estimate)",SL.UEM.TOTL.NE.ZS,,,,,,,,,,,,,,,,,,,,,,,,,,,,,,,,0.109999999,0.170000002,0.519999981,0.649999976,0.800000012,0.899999976,1.029999971,1.129999995,16.25,11.77999973,10.90999985,10.03999996,9.170000076,7.989999771,7.260000229,6.619999886,6.329999924,5.860000134,5.739999771,5.630000114,5.420000076,5.190000057,4.96999979,4.909999847,4.960000038,5,5,4.900000095,
Burundi,BDI,"Unemployment, total (% of total labor force) (national estimate)",SL.UEM.TOTL.NE.ZS,,,,,,,,,,,,,,,,,,,,,,,,,,,,,,,0.479999989,,,,,,,,,14,,,,,,,,,1.633574486,,,,,,1.571699977,,,,,
Belgium,BEL,"Unemployment, total (% of total labor force) (national estimate)",SL.UEM.TOTL.NE.ZS,,,,,,,,,,,,2.099999905,2.700000048,2.799999952,3,5.099999905,6.5,5.670000076,7.900000095,6.960000038,9.100000381,11.35000038,13,11.65970039,11.88150024,11.32489967,11.2798996,11.25669956,10.12930012,8.28429985,7.250299931,6.986299992,6.701499939,8.076800346,9.646699905,9.339500427,9.48279953,8.955800056,9.322500229,8.648599625,6.586400032,6.177499771,6.909500122,7.679599762,7.363399982,8.440199852,8.245900154,7.457900047,6.975599766,7.907599926,8.292499542,7.1395998,7.541699886,8.425299644,8.52270031,8.482000351,7.829699993,7.086200237,5.948200226,
Benin,BEN,"Unemployment, total (% of total labor force) (national estimate)",SL.UEM.TOTL.NE.ZS,,,,,,,,,,,,,,,,,,,,,,,,,,,0.180000007,,,,,,1.50999999,,,,,,,,,,0.689999998,,,,,,,,1.039999962,2.646500111,,,,,,,,
Burkina Faso,BFA,"Unemployment, total (% of total labor force) (national estimate)",SL.UEM.TOTL.NE.ZS,,,,,,,,,,,,,,,,,,,,,,,,,,1.299999952,,,,,,,,,2.579999924,,,,2.440000057,,,,,2.779999971,,4,,3.299999952,,,,,,,6.480700016,,,,,
Bangladesh,BGD,"Unemployment, total (% of total labor force) (national estimate)",SL.UEM.TOTL.NE.ZS,,,,,,,,,,,,,,,,,,,,,,,,,2.039999962,2.019999981,0.959999979,,,0.920000017,,2.200000048,,,,,2.50999999,,,,3.269999981,,,4.320000172,,4.25,3.590600014,,,5,3.378900051,,,4.426199913,,,4.349999905,4.372300148,,
Bulgaria,BGR,"Unemployment, total (% of total labor force) (national estimate)",SL.UEM.TOTL.NE.ZS,,,,,,,,,,,,,,,,,,,,,,,,,,,,,,,1.700000048,11.10000038,15.30000019,16.39999962,12.80000019,11.10000038,12.5,13.69999981,12.19999981,14.10000038,16.21759987,19.92079926,18.10950089,13.73260021,12.03709984,10.08259964,8.950699806,6.877699852,5.609499931,6.816599846,10.27939987,11.25959969,12.26990032,12.94079971,11.42380047,9.143300056,7.57460022,6.164400101,5.211400032,
Bahrain,BHR,"Unemployment, total (% of total labor force) (national estimate)",SL.UEM.TOTL.NE.ZS,,,,,,,,,,,,,,,,,,,,,,3.099999905,,,,,,,,,,,,,,,,,,,,,,,,,,5.599999905,3.700000048,4,1.129999995,4,1.200000048,,,,,,,
"Bahamas, The",BHS,"Unemployment, total (% of total labor force) (national estimate)",SL.UEM.TOTL.NE.ZS,,,,,,,,,,,,,,8.600000381,,21.20000076,,20.86000061,,14.69999981,,,,,,,12.09000015,,11.02000046,11.59000015,7.769999981,12.17000008,14.81000042,12.72000027,13.82999992,10.82999992,11.46000004,9.760000229,7.650000095,7.449999809,,6.869999886,9.050000191,10.84000015,10.19999981,10.19999981,7.539999962,7.880000114,8.180000305,14.25,,14.52000046,14.02000046,16.18000031,13.80000019,12,12.69999981,,,
Bosnia and Herzegovina,BIH,"Unemployment, total (% of total labor force) (national estimate)",SL.UEM.TOTL.NE.ZS,,,,,,,,,,,,,,,,,,,,,,,,,,,,,,,,17.54999924,,,,,,,,,,,,,,,31.10989952,28.9843998,23.40530014,24.06769943,27.3118,27.58189964,28.01029968,27.49029922,27.51720047,27.69449997,25.40810013,20.5272007,18.40019989,15.69209957
Belarus,BLR,"Unemployment, total (% of total labor force) (national estimate)",SL.UEM.TOTL.NE.ZS,,,,,,,,,,,,,,,,,,,,,,,,,,,,,,,,0.050000001,0.5,1.399999976,2.099999905,2.900000095,4,2.799999952,2.299999952,2.099999905,2.099999905,2.299999952,3,3.099999905,1.899999976,1.5,1.200000048,1,0.800000012,6.099999905,,0.600000024,0.5,0.5,0.5,1,5.840000153,5.650000095,4.760000229,
Belize,BLZ,"Unemployment, total (% of total labor force) (national estimate)",SL.UEM.TOTL.NE.ZS,,,,,,,,,,,,,,,,,,,,,,,,,,,,,,,,,,9.779999733,11.10000038,12.47999954,13.81999969,12.68000031,14.31000042,12.84000015,,9.069999695,10.03999996,,,10.90999985,9.390000343,8.510000229,8.180000305,,,,,8.349100113,8.243900299,7.578199863,7.000400066,6.595499992,,
Bermuda,BMU,"Unemployment, total (% of total labor force) (national estimate)",SL.UEM.TOTL.NE.ZS,,,,,,,,,,,,,,,,,,,,,,,,,,,,,,,,,,,,,,,,,2.710000038,,,,,,,,,4.480000019,6.489999771,,8.43999958,6.659999847,8.93999958,,,,,
Bolivia,BOL,"Unemployment, total (% of total labor force) (national estimate)",SL.UEM.TOTL.NE.ZS,,,,,,,,,,,,9,8.100000381,7.099999905,6.099999905,5.199999809,5.300000191,5.300000191,5.5,5.599999905,6.099999905,10.15999985,11.60000038,14.18999958,14.65999985,19.28000069,19.76000023,20.31999969,18,10.10000038,6.690000057,6.590000153,5.519999981,5.989999771,3.079999924,3.690000057,5.230000019,2.079999924,,3.930000067,4.46999979,5.239999771,5.480000019,,4.170000076,5.449999809,5.079999924,5.179999828,2.603399992,2.863399982,,2.218600035,2.047899961,2.393899918,2.006500006,3.065999985,3.498100042,3.654599905,3.518599987,
Brazil,BRA,"Unemployment, total (% of total labor force) (national estimate)",SL.UEM.TOTL.NE.ZS,,,,,,,,,,,,,3.059999943,2.779999971,,,1.919999957,2.319999933,2.359999895,2.75999999,,3.99000001,4.829999924,4.619999886,4.039999962,3.380000114,2.369999886,3.559999943,3.789999962,2.970000029,3.690000057,,6.420000076,6.03000021,,6.420499802,7.253399849,8.158399582,9.422800064,10.20829964,,9.6104002,9.370900154,9.991000175,9.105199814,9.567700386,8.639499664,8.327300072,7.342599869,8.522100449,,6.916999817,7.18569994,6.976399899,6.661200047,8.426699638,11.59990025,12.82240009,12.33380032,11.93330002
Barbados,BRB,"Unemployment, total (% of total labor force) (national estimate)",SL.UEM.TOTL.NE.ZS,,,,,,,,,,,,,,,,,9.859999657,12.44999981,13.28999996,9.449999809,8.979999542,7.230000019,8.390000343,9.06000042,17.02000046,18.85000038,17.87999916,17.94000053,17.56999969,14.06000042,8.159999847,7.519999981,22.94000053,24.54000092,22.97999954,19.65999985,14.71000004,14.60999966,12.39999962,10.60999966,9.350000381,9.850000381,10.31999969,11,9.569999695,9.079999924,8.729999542,7.409999847,8.119999886,10.02000046,10.68999958,11.18999958,11.59000015,11.55000019,12.17000008,11.35000038,9.720000267,,,
Brunei Darussalam,BRN,"Unemployment, total (% of total labor force) (national estimate)",SL.UEM.TOTL.NE.ZS,,,,,,,,,,,,,,,,8.251999855,7.849999905,8.062999725,8.696000099,10.04100037,7.668000221,7.842000008,6.547999859,6.037000179,,,,,,,,4.699999809,,,,,,,,,,,,,,,,,,,,,,,6.965099812,,,9.315999985,8.699500084,
Bhutan,BTN,"Unemployment, total (% of total labor force) (national estimate)",SL.UEM.TOTL.NE.ZS,,,,,,,,,,,,,,,,,,,,,,,,,,,,,,,,,,,,,,,1.399999976,1.399999976,,1.899999976,,1.799999952,2.49000001,3.099999905,3.130000114,3.700000048,,3.960000038,3.319999933,3.230000019,2.049999952,2.869999886,2.630000114,2.450000048,,,,
Botswana,BWA,"Unemployment, total (% of total labor force) (national estimate)",SL.UEM.TOTL.NE.ZS,,,,,,,,,,,,,,,,,,,,,,,,,,25.67000008,,,,,,13.81999969,,,21.20000076,,21.57999992,,20.86000061,,15.88000011,18.54000092,,23.79999924,,,17.79999924,,,16.1692009,17.86000061,,,,,,,,,
Central African Republic,CAF,"Unemployment, total (% of total labor force) (national estimate)",SL.UEM.TOTL.NE.ZS,,,,,,,,,,,,,,,,,,,,,,,,,,,,,,,,,,,,,,,,,,,,,,,,,,,,,,,,,,,,
Canada,CAN,"Unemployment, total (% of total labor force) (national estimate)",SL.UEM.TOTL.NE.ZS,,,,,,,,,,4.699999809,5.900000095,6.400000095,6.300000191,5.599999905,5.400000095,,7.089600086,8.048700333,8.375800133,7.525300026,7.536799908,7.60710001,11.04030037,12.01840019,11.34440041,10.50249958,9.593000412,8.819999695,7.761899948,7.546500206,8.131099701,10.31610012,11.19699955,11.37689972,10.39519978,9.488900185,9.619700432,9.100500107,8.278499603,7.583099842,6.828700066,7.218599796,7.664800167,7.573800087,7.185299873,6.758100033,6.320300102,6.036099911,6.13710022,8.343999863,8.055500031,7.511099815,7.291800022,7.073599815,6.91410017,6.906499863,6.998899937,6.339700222,5.830800056,5.66260004
Central Europe and the Baltics,CEB,"Unemployment, total (% of total labor force) (national estimate)",SL.UEM.TOTL.NE.ZS,,,,,,,,,,,,,,,,,,,,,,,,,,,,,,,,,10.37793044,12.20815521,11.2103268,10.52684676,10.06912391,9.158508833,8.950867603,10.3840613,12.43440957,13.22793621,13.74338133,12.95803256,12.93492249,12.05483701,10.10516084,7.80873015,6.604520902,8.488289568,9.900179622,9.789352165,9.977553927,10.04461851,8.949747348,7.814823507,6.48769187,5.293467249,4.312762349,
Switzerland,CHE,"Unemployment, total (% of total labor force) (national estimate)",SL.UEM.TOTL.NE.ZS,,,,,,,,,,,,,,,,0.300000012,0.699999988,0.400000006,0.400000006,0.400000006,0.200000003,0.200000003,0.400000006,0.899999976,1.100000024,1,0.800000012,0.800000012,0.699999988,0.600000024,2.069999933,1.77699995,2.811000109,3.717000008,3.878999949,3.326999903,3.70510006,4.204199791,3.59739995,3.145400047,2.666100025,2.489799976,2.923700094,4.115799904,4.315700054,4.436699867,3.999900103,3.651900053,3.349699974,4.116099834,4.802899837,4.402200222,4.484600067,4.74669981,4.825900078,4.800700188,4.917900085,4.796700001,4.713300228,
Channel Islands,CHI,"Unemployment, total (% of total labor force) (national estimate)",SL.UEM.TOTL.NE.ZS,,,,,,,,,,,,,,,,,,,,,,,,,,,,,,,,,,,,,,,,,,,,,,,,,,,,,,,,,,,,
Chile,CHL,"Unemployment, total (% of total labor force) (national estimate)",SL.UEM.TOTL.NE.ZS,,,,,,,,,,,,,,,,14.68999958,12.75,11.82999992,14.26000023,13.63000011,10.46000004,11.35000038,19.60000038,14.64999962,13.90999985,,8.710000038,,6.230000019,5.289999962,5.630000114,5.230000019,4.349999905,4.489999771,5.869999886,4.699999809,7.414000034,7.136000156,7.30700016,11.15799999,10.49100018,10.39000034,10.16800022,9.765000343,10.1619997,9.340000153,9.024000168,8.427000046,9.284999847,11.31299973,8.424300194,7.343999863,6.659399986,6.214000225,6.664899826,6.507599831,6.738200188,6.958099842,7.233099937,
China,CHN,"Unemployment, total (% of total labor force) (national estimate)",SL.UEM.TOTL.NE.ZS,,,,,,,,,,,,,,,,,,,5.300000191,5.400000095,4.900000095,3.799999952,3.200000048,2.299999952,1.899999976,1.799999952,2,2,2,2.599999905,2.5,2.299999952,2.299999952,2.599999905,2.799999952,2.900000095,3,3.099999905,3.099999905,3.099999905,3.099999905,3.599999905,4,4.300000191,4.199999809,4.199999809,4.099999905,4,4.199999809,4.300000191,4.099999905,4.099999905,4.099999905,4.050000191,4.099999905,,,3.900000095,3.799999952,
Cote d'Ivoire,CIV,"Unemployment, total (% of total labor force) (national estimate)",SL.UEM.TOTL.NE.ZS,,,,,,,,,,,,,,,,,,,,,,,,,,,,,,,,,6.699999809,,,4.099999905,,,4.099999905,,,,,,,,,,,,,,7.222899914,4.254499912,,,2.59920001,3.272500038,,
Cameroon,CMR,"Unemployment, total (% of total labor force) (national estimate)",SL.UEM.TOTL.NE.ZS,,,,,,,,,,,,,,,,,,,,,,,,,,,,,,,,,,,,,8.06000042,,,,,7.460000038,,,,4.400000095,,3.062700033,,,4.110000134,,,,3.533799887,,,,,
"Congo, Dem. Rep.",COD,"Unemployment, total (% of total labor force) (national estimate)",SL.UEM.TOTL.NE.ZS,,,,,,,,,,,,,,,,,,,,,,,,,,,,,,,,,,,,,,,,,,,,,,2.849100113,,,,,,,4.485199928,,,,,,,
"Congo, Rep.",COG,"Unemployment, total (% of total labor force) (national estimate)",SL.UEM.TOTL.NE.ZS,,,,,,,,,,,,,,,,,,,,,,,,,,,,,,,,,,,,,,,,,,,,,,19.79560089,,,,16.10000038,,,10,,,,,,,
Colombia,COL,"Unemployment, total (% of total labor force) (national estimate)",SL.UEM.TOTL.NE.ZS,,,,,,,,,,,,,,,,10.55000019,,9.399999619,,,9.100000381,8.130000114,11.46000004,11.13000011,13,13.89000034,12.93999958,10.82999992,,,,10.11999989,9.43999958,7.800000191,8.25,8.720000267,11.81000042,12.14000034,15,20.05999947,20.52000046,15.03999996,15.63300037,14.18900013,13.71700001,11.86999989,,11.20400047,11.27299976,12.06599998,10.98400021,10.11089993,9.74050045,9.051699638,8.572199821,8.298999786,8.691800117,8.87250042,9.110699654,
Comoros,COM,"Unemployment, total (% of total labor force) (national estimate)",SL.UEM.TOTL.NE.ZS,,,,,,,,,,,,,,,,,,,,,,,,,,,,,,,,,,,,,,,,,,,,,4.571400166,,,,,,,,,,8.142499924,,,,,
Cabo Verde,CPV,"Unemployment, total (% of total labor force) (national estimate)",SL.UEM.TOTL.NE.ZS,,,,,,,,,,,,,,,,,,,,,,,,,,,,,,,23,,,,,,,,,,,,,,,,,,,,10.67000008,,,,,31.31270027,,12.23999977,12.17000008,
Costa Rica,CRI,"Unemployment, total (% of total labor force) (national estimate)",SL.UEM.TOTL.NE.ZS,,,,,,,,,,,,,,,,,,,,,,,,,,,,,,,4.511000156,5.373000145,3.927000046,3.953999996,4.045000076,5.176000118,6.162000179,5.681000233,5.327000141,5.894999981,5.081999779,5.914999962,6.334000111,6.558000088,6.390999794,6.571000099,5.739999771,4.489999771,4.781000137,7.712999821,7.170800209,10.13939953,9.783900261,8.767700195,9.059000015,8.999099731,8.598199844,8.14220047,9.631999969,11.49059963
Caribbean small states,CSS,"Unemployment, total (% of total labor force) (national estimate)",SL.UEM.TOTL.NE.ZS,,,,,,,,,,,,,,,,,,,,,,,,,,,,,,,15.6663156,15.69760799,16.54455875,17.16918167,16.17764534,15.70958765,15.30822016,15.12226464,14.30475654,14.08186575,14.12639445,12.85387985,12.51635366,11.61197905,10.96874732,10.37119198,9.227888317,8.410722464,8.820782766,9.861940316,9.439275737,10.24711321,10.96402969,11.40665649,10.10945958,10.29780448,10.44225729,,,
Cuba,CUB,"Unemployment, total (% of total labor force) (national estimate)",SL.UEM.TOTL.NE.ZS,,,,,,,,,,,,,,,,,,,,,,,,,,,,,,,,,,,,8.270000458,7.610000134,7.099999905,6.230000019,6.260000229,5.449999809,4.079999924,3.309999943,2.329999924,1.853999972,1.950000048,1.912999988,1.787999988,1.582999945,1.669999957,2.5,3.180000067,3.460000038,3.289999962,2.700000048,2.400000095,,,,
Curacao,CUW,"Unemployment, total (% of total labor force) (national estimate)",SL.UEM.TOTL.NE.ZS,,,,,,,,,,,,,,,,,,,,,,,,,,,,,,,,,,,,,,,,,,,,,,,,,,,,9.779999733,,13.02999973,12.60999966,11.71000004,,,13.43000031,
Cayman Islands,CYM,"Unemployment, total (% of total labor force) (national estimate)",SL.UEM.TOTL.NE.ZS,,,,,,,,,,,,,,,,,,,,,,,,,,,,,,,,5.909999847,,7.21999979,5.739999771,4.940000057,5.099999905,4.139999866,4.170000076,,,7.539999962,5.369999886,3.609999895,3.450000048,3.539999962,2.619999886,3.829999924,3.970000029,6.039999962,6.679999828,6.78000021,6.210000038,6.269999981,4.699999809,4.239999771,,,,
Cyprus,CYP,"Unemployment, total (% of total labor force) (national estimate)",SL.UEM.TOTL.NE.ZS,,,,,,,,,,,,,,,,10.89999962,7.400000095,3.099999905,2,1.700000048,2,2.599999905,2.799999952,3.299999952,3.299999952,3.299999952,3.700000048,3.400000095,2.799999952,2.299999952,1.799999952,3,2.089999914,2.700000048,2.700000048,2.599999905,3.099999905,3.400000095,3.299999952,5.699999809,4.96750021,3.983999968,3.298500061,4.135099888,4.333300114,5.30369997,4.542900085,3.921999931,3.654700041,5.363900185,6.262800217,7.856100082,11.79520035,15.87069988,16.08799934,14.90839958,12.94979954,11.05150032,8.369700432,
Czech Republic,CZE,"Unemployment, total (% of total labor force) (national estimate)",SL.UEM.TOTL.NE.ZS,,,,,,,,,,,,,,,,,,,,,,,,,,,,,,,0.699999988,2.269999981,2.599999905,4.320000172,4.296000004,4.024000168,3.894000053,4.271399975,5.903800011,8.489100456,8.761899948,7.991300106,7.018700123,7.543799877,8.209600449,7.92689991,7.147699833,5.320099831,4.392499924,6.662099838,7.279099941,6.711100101,6.978199959,6.952700138,6.107900143,5.04640007,3.951400042,2.889800072,2.243299961,
Germany,DEU,"Unemployment, total (% of total labor force) (national estimate)",SL.UEM.TOTL.NE.ZS,,,,,,,,,,,,,,,,,,,,,,,,6.449399948,6.674699783,6.874899864,6.610000134,6.816400051,6.318600178,5.705699921,4.890299797,5.317200184,6.323299885,7.675300121,8.727999687,8.158499718,8.824700356,9.863100052,9.788299561,8.854999542,7.917300224,7.772699833,8.481900215,9.779000282,10.72669983,11.16670036,10.25020027,8.6583004,7.524499893,7.741600037,6.966400146,5.824399948,5.379399776,5.23059988,4.98059988,4.624199867,4.121799946,3.745500088,3.383500099,
Djibouti,DJI,"Unemployment, total (% of total labor force) (national estimate)",SL.UEM.TOTL.NE.ZS,,,,,,,,,,,,,,,,,,,,,,,,,,,,,,,,,,,,,,,,,,,,,,,,,,,,,,,,,,,,
Dominica,DMA,"Unemployment, total (% of total labor force) (national estimate)",SL.UEM.TOTL.NE.ZS,,,,,,,,,,,,,,,,,,,,,,,,,,,,,,11.32999992,,9.529999733,,,,,,23.18000031,,15.67000008,,10.96000004,,,,,,,,,,,,,,,,,,
Denmark,DNK,"Unemployment, total (% of total labor force) (national estimate)",SL.UEM.TOTL.NE.ZS,,,,,,,,,,,,,,0.899999976,2.099999905,5.099999905,5.300000191,6.400000095,7.300000191,6.099999905,7,9.199999809,10,9.744799614,8.867500305,7.797399998,6.033400059,6.091100216,6.486400127,8.149000168,8.337800026,9.098799706,9.027299881,10.71860027,8.03619957,6.992099762,6.843800068,5.400000095,5.038899899,5.141499996,4.475999832,4.164199829,4.274000168,5.39839983,5.204100132,4.829899788,3.897000074,3.801000118,3.433700085,6.0072999,7.463600159,7.572700024,7.525800228,6.99669981,6.58920002,6.168300152,6.180699825,5.7427001,4.974599838,
Dominican Republic,DOM,"Unemployment, total (% of total labor force) (national estimate)",SL.UEM.TOTL.NE.ZS,,,,,,,,,,,,,,,,,,,,,,,,,,,,,,,,,,,,,,,,,6.432400227,7.261799812,6.778699875,6.937699795,6.302899837,6.586599827,5.654500008,5.157700062,4.76429987,5.466599941,5.211999893,6.086900234,6.722000122,7.351500034,6.718900204,7.605400085,7.283500195,5.831699848,5.861299992,
Algeria,DZA,"Unemployment, total (% of total labor force) (national estimate)",SL.UEM.TOTL.NE.ZS,,,,,,,,,,,,,,,,,,,,,,,,,,,,,,17.63999939,21.26000023,20.60000038,24.37999916,26.22999954,27.73999977,31.84000015,,25.43000031,,,29.77000046,27.29999924,25.89999962,23.71999931,17.64999962,15.27000046,12.27000046,13.78999996,11.32999992,10.15999985,9.960000038,9.960000038,10.97000027,9.819999695,10.20720005,11.20610046,10.20240021,13.56999969,,
East Asia & Pacific (excluding high income),EAP,"Unemployment, total (% of total labor force) (national estimate)",SL.UEM.TOTL.NE.ZS,,,,,,,,,,,,,,,,,,,,,,,,,,,,,,,2.767648716,2.594594162,2.549059608,2.795172387,3.111748923,3.058459093,3.217258855,3.330982249,3.835467194,3.612588297,3.593693785,3.773703479,4.341225194,4.315712578,4.317129715,4.457425623,4.349801988,4.189762605,4.37162709,4.218308192,3.928792348,3.914168593,3.830546741,3.78577027,3.788726137,,,3.605283557,3.542700697,
Early-demographic dividend,EAR,"Unemployment, total (% of total labor force) (national estimate)",SL.UEM.TOTL.NE.ZS,,,,,,,,,,,,,,,,,,,,,,,,,,,,,,,,,,,4.202476156,,,,,,5.36015201,,,,,5.240554729,,,,,4.554342267,,4.79897604,,,,,,5.860256669,
East Asia & Pacific,EAS,"Unemployment, total (% of total labor force) (national estimate)",SL.UEM.TOTL.NE.ZS,,,,,,,,,,,,,,,,,,,,,,,,,,,,,,,2.746897103,2.622934407,2.604401197,2.848972312,3.135422293,3.095641487,3.253057285,3.360980643,3.951519026,3.781382117,3.709105923,3.89798411,4.425940321,4.397491161,4.349418733,4.444012039,4.315593444,4.148938225,4.314378757,4.297243072,4.022540469,3.957045404,3.865024742,3.809367975,3.800691099,,,3.587659827,3.508621319,
Europe & Central Asia (excluding high income),ECA,"Unemployment, total (% of total labor force) (national estimate)",SL.UEM.TOTL.NE.ZS,,,,,,,,,,,,,,,,,,,,,,,,,,,,,,,,,5.655332674,5.990234039,7.608831724,7.993455376,8.683605106,9.827547296,10.92530126,11.46818471,9.473421292,8.840354696,8.597872396,8.408799805,8.171025156,7.638600922,7.38724921,6.73498745,6.864915869,9.011080847,8.465350454,7.673782297,7.067097081,7.10082487,7.298413851,7.441760549,7.48652403,7.29632641,7.212395719,
Europe & Central Asia,ECS,"Unemployment, total (% of total labor force) (national estimate)",SL.UEM.TOTL.NE.ZS,,,,,,,,,,,,,,,,,,,,,,,,,,,,,,,,,7.694500137,8.807324377,9.760323268,9.474994283,9.836926744,10.17038996,10.33598628,10.37606531,9.266031887,8.578372759,8.650837211,8.688741907,8.687498054,8.341236077,7.790761382,6.930614623,6.908827517,8.929061196,9.039228021,8.707115509,8.918919089,9.153884593,8.906909592,8.512552845,8.075893776,7.491322484,7.008572248,
Ecuador,ECU,"Unemployment, total (% of total labor force) (national estimate)",SL.UEM.TOTL.NE.ZS,,,,,,,,,,,,,,,4.400000095,5.300000191,,5.800000191,,,,,,,,,,7.239999771,6.989999771,7.710000038,5.880000114,8.18999958,8.56000042,7.949999809,6.679999828,6.699999809,10.38000011,9.170000076,11.48999977,13.96000004,4.799499989,4.251699924,,5.66230011,5.00180006,3.77850008,3.549700022,3.142299891,3.91689992,4.607699871,4.087500095,3.457999945,3.234899998,3.082600117,3.479799986,3.615700006,4.597000122,3.836199999,3.529599905,3.812099934
"Egypt, Arab Rep.",EGY,"Unemployment, total (% of total labor force) (national estimate)",SL.UEM.TOTL.NE.ZS,,,,,,,,,,,2.400000095,1.820000052,1.529999971,1.710000038,2.299999952,2.569999933,,3.130000114,3.640000105,4.550000191,5.179999828,4.96999979,5.210000038,6.46999979,5.889999866,,,,,7.059999943,8.430000305,9.380000114,8.920000076,10.92000008,10.93000031,11.03999996,9,8.369999886,8.029999733,7.949999809,8.979999542,9.260000229,10.01000023,11.01000023,10.31999969,11.19999981,10.48999977,8.800000191,8.516799927,9.086700439,8.756500244,11.84930038,12.59720039,13.15380001,13.10490036,13.05220032,12.40670013,11.73729992,,
Euro area,EMU,"Unemployment, total (% of total labor force) (national estimate)",SL.UEM.TOTL.NE.ZS,,,,,,,,,,,,,,,,,,,,,,,,,,,,,,,8.226959455,8.356593253,8.961433371,10.58068011,11.73923337,11.36544314,11.66270502,11.65588348,11.19328947,10.43778024,9.423932172,8.347510948,8.61432421,8.958617941,9.24565761,9.020289478,8.312222475,7.435155575,7.484632608,9.536568489,10.07037787,10.11090732,11.28873781,11.92839461,11.60480302,10.83992133,10.02732187,9.059889079,8.187568543,
Eritrea,ERI,"Unemployment, total (% of total labor force) (national estimate)",SL.UEM.TOTL.NE.ZS,,,,,,,,,,,,,,,,,,,,,,,,,,,,,,,,,,,,,,,,,,,,,,,,,,,,,,,,,,,,
Spain,ESP,"Unemployment, total (% of total labor force) (national estimate)",SL.UEM.TOTL.NE.ZS,,,,,,,,,,1.299999952,1.100000024,1.5,1.5,2.49000001,3.039999962,4.800000191,2.900000095,5.199999809,6.96999979,8.609999657,11.39999962,14.17000008,16,17.48999977,20.25,21.63999939,21.25869942,20.60680008,19.85339928,17.33110046,16.27249908,15.92850018,17.70149994,22.16060066,24.20870018,22.67480087,22.14189911,20.69759941,18.67359924,15.47560024,13.78520012,10.34790039,11.14610004,11.28339958,11.09020042,9.146300316,8.452199936,8.232099533,11.25450039,17.8567009,19.85969925,21.39049911,24.78720093,26.09359932,24.44129944,22.05730057,19.63470078,17.22360039,15.25469971,
Estonia,EST,"Unemployment, total (% of total labor force) (national estimate)",SL.UEM.TOTL.NE.ZS,,,,,,,,,,,,,,,,,,,,,,,,,,,,,,0.560000002,0.637000024,1.468000054,3.680999994,6.544000149,7.56099987,9.659000397,9.914999962,10.36919975,9.509799957,11.57310009,13.35980034,13.13449955,10.02610016,11.28759956,10.24779987,8.033100128,5.914700031,4.592000008,5.454899788,13.54819965,16.7071991,12.32769966,10.02110004,8.630700111,7.351799965,6.186600208,6.761700153,5.760399818,5.366000175,
Ethiopia,ETH,"Unemployment, total (% of total labor force) (national estimate)",SL.UEM.TOTL.NE.ZS,,,,,,,,,,,,,,,,,,,,,,,,,1.200000048,,,,,,,,,,3.099999905,,,,,3.713700056,,,,,,2.496900082,,,,,,,,2.25090003,,,,,,
European Union,EUU,"Unemployment, total (% of total labor force) (national estimate)",SL.UEM.TOTL.NE.ZS,,,,,,,,,,,,,,,,,,,,,,,,,,,,,,,7.429155903,8.138604976,9.24120321,10.88093277,11.45552714,10.97624509,11.05846387,10.86701544,10.44272867,10.17802659,9.82340028,9.195867842,9.541025697,9.646574437,9.881931428,9.569798067,8.625228965,7.448099568,7.200246092,9.116517753,9.795787018,9.836268822,10.80261918,11.32288707,10.84329711,10.02387933,9.124716223,8.135472772,7.269293037,
Fragile and conflict affected situations,FCS,"Unemployment, total (% of total labor force) (national estimate)",SL.UEM.TOTL.NE.ZS,,,,,,,,,,,,,,,,,,,,,,,,,,,,,,,,,,,,,,,,,,,,,,,,,,,,,,,,,,,,
Finland,FIN,"Unemployment, total (% of total labor force) (national estimate)",SL.UEM.TOTL.NE.ZS,,,,,,,,,,2.829999924,1.889999986,2.25999999,2.420000076,2.450000048,1.610000014,2.079999924,3.75,6.090000153,7.230000019,6.199999809,4.860000134,5.039999962,5.28000021,5.429999828,5.119999886,4.730000019,5.320000172,5.070000172,4.46999979,3.140000105,3.069000006,6.502999783,11.59500027,16.20100021,16.4260006,17.00460052,15.57180023,14.96749973,13.21450043,11.69330025,11.13449955,10.29049969,10.42269993,10.46930027,10.35779953,8.383600235,7.718900204,6.854000092,6.368599892,8.249500275,8.394399643,7.781000137,7.689099789,8.193400383,8.663000107,9.375900269,8.818400383,8.640199661,7.361199856,
Fiji,FJI,"Unemployment, total (% of total labor force) (national estimate)",SL.UEM.TOTL.NE.ZS,,,,,,,,,,,,,,,,,,,,,,,6.059999943,,,,,,,,,5.929999828,5.349999905,5.880000114,5.699999809,5.400000095,5.78000021,,,,,,,8.220000267,4.699999809,3.885999918,,,8.93999958,8.720000267,8.909999847,4.405499935,9,,6.170000076,,4.319499969,,,
France,FRA,"Unemployment, total (% of total labor force) (national estimate)",SL.UEM.TOTL.NE.ZS,,,,,,,,,,,2.420000076,2.670000076,2.769999981,2.690000057,2.859999895,4.079999924,4.46999979,5.010000229,5.269999981,6.03000021,6.420000076,7.539999962,8.199999809,7.919499874,9.532899857,10.25839996,10.23159981,10.7361002,10.18379974,9.622300148,9.359999657,9.13409996,10.2052002,11.32129955,12.59280014,11.8355999,12.36730003,12.56620026,12.07489967,11.98079967,10.21720028,8.6104002,8.701700211,8.306500435,8.913599968,8.493499756,8.447799683,7.656700134,7.063399792,8.736300468,8.871299744,8.81099987,9.40019989,9.920599937,10.29220009,10.3593998,10.05679989,9.397199631,9.058899879,
Faroe Islands,FRO,"Unemployment, total (% of total labor force) (national estimate)",SL.UEM.TOTL.NE.ZS,,,,,,,,,,,,,,,,,,,,,,,,,,,,,,,,,,,,,,,,,4.170000076,4,,3.849999905,3.700000048,,,,,,,,,,,,,,,
"Micronesia, Fed. Sts.",FSM,"Unemployment, total (% of total labor force) (national estimate)",SL.UEM.TOTL.NE.ZS,,,,,,,,,,,,,,,,,,,,,,,,,,,,,,,,,,,,,,,,,,,,,,,,,,,,,,,8.862500191,,,,,
Gabon,GAB,"Unemployment, total (% of total labor force) (national estimate)",SL.UEM.TOTL.NE.ZS,,,,,,,,,,,,,,,,,,,,,,,,,,,,,,,,,,17.78000069,,,,,,,,,,,,16.90999985,,,,,20.38999939,,,,,,,,,
United Kingdom,GBR,"Unemployment, total (% of total labor force) (national estimate)",SL.UEM.TOTL.NE.ZS,,,,,,,,,,,,3.299999952,3.700000048,2.599999905,2.599999905,4,5.5,5.800000191,5.699999809,5.300000191,6.800000191,10.39999962,10.89999962,11.09230042,10.90060043,11.48729992,11.51049995,11.01910019,9.007900238,7.413099766,6.973599911,8.552100182,9.777199745,10.34819984,9.65019989,8.693599701,8.191599846,7.072199821,6.203199863,6.042900085,5.561600208,4.695499897,5.036900043,4.80700016,4.594200134,4.750299931,5.349699974,5.262000084,5.614999771,7.53730011,7.786600113,8.037699699,7.884600163,7.524199963,6.109600067,5.300300121,4.809700012,4.329999924,3.995899916,
Georgia,GEO,"Unemployment, total (% of total labor force) (national estimate)",SL.UEM.TOTL.NE.ZS,,,,,,,,,,,,,,,,,,,,,,,,,,,,,,,,,,,,,2.400000095,5,14.52999973,13.80000019,10.81999969,11.15999985,12.59000015,11.51000023,12.61999989,13.81000042,13.56999969,13.27999973,17.87000084,20.71019936,20.20269966,19.63170052,19.65309906,19.41580009,17.43849945,16.50589943,16.60390091,13.93889999,12.66699982,
Ghana,GHA,"Unemployment, total (% of total labor force) (national estimate)",SL.UEM.TOTL.NE.ZS,,,,,,,,,,,,,,,,,,,,,,,,,,,,,,,,,4.699999809,,,,,,8.199999809,10.10000038,10.35999966,,,,,,4.635300159,,,,5.320000172,,,2.172899961,,6.806200027,,4.222799778,,
Gibraltar,GIB,"Unemployment, total (% of total labor force) (national estimate)",SL.UEM.TOTL.NE.ZS,,,,,,,,,,,,,,,,,,,,,,,,,,,,,,,,6.440000057,,,,,,,,,,,,,,,,,,,,,,,,,,,,
Guinea,GIN,"Unemployment, total (% of total labor force) (national estimate)",SL.UEM.TOTL.NE.ZS,,,,,,,,,,,,,,,,,,,,,,,,,,,,,,,,,,,,,,,,,,,4.548799992,,,,,,,,,,,,,,,,,
"Gambia, The",GMB,"Unemployment, total (% of total labor force) (national estimate)",SL.UEM.TOTL.NE.ZS,,,,,,,,,,,,,,,,,,,,,,,,,,,,,,,,,,,,,,,,,,,,,,,,,,,,,9.417300224,,,,,,,
Guinea-Bissau,GNB,"Unemployment, total (% of total labor force) (national estimate)",SL.UEM.TOTL.NE.ZS,,,,,,,,,,,,,,,,,,,,,,,,,,,,,,,,,,,,,,,,,,,,,,,,,,,,,,,,,,,,
Equatorial Guinea,GNQ,"Unemployment, total (% of total labor force) (national estimate)",SL.UEM.TOTL.NE.ZS,,,,,,,,,,,,,,,,,,,,,,,,25,,,,,,,,,,,,,,,,,,,,,,,,,,,,,,,,,,,,
Greece,GRC,"Unemployment, total (% of total labor force) (national estimate)",SL.UEM.TOTL.NE.ZS,,,,,,,,,,,,,,,,,,,,,,3.420000076,4.940000057,7.809800148,8.099900246,7.801300049,7.359000206,7.355800152,7.651299953,7.458499908,7.024099827,7.656000137,7.842899799,8.612999916,8.862799644,9.062000275,9.655099869,9.577199936,10.83940029,11.85280037,11.24779987,10.45610046,9.974599838,9.412099838,10.31070042,9.993800163,9.007699966,8.396499634,7.759699821,9.61590004,12.71310043,17.86470032,24.43930054,27.46619987,26.49139977,24.89710045,23.53910065,21.48760033,19.29159927,
Grenada,GRD,"Unemployment, total (% of total labor force) (national estimate)",SL.UEM.TOTL.NE.ZS,,,,,,,,,,,,,,,,,,,,,,,,,,,,,,,,13.90999985,,,26.93000031,,16.88999939,,15.23999977,,,,,,,,,,,,,,,24.20000076,24.5,22.89999962,,,,
Greenland,GRL,"Unemployment, total (% of total labor force) (national estimate)",SL.UEM.TOTL.NE.ZS,,,,,,,,,,,,,,,,,,,,,,,,,,,,,,,,,,,,,12.92000008,10.07999992,11.56000042,9.029999733,11.02000046,9.529999733,8.819999695,10.30000019,10.43999958,9.25,8.399999619,,,,7.800000191,9.399999619,9.800000191,10.10000038,10.30000019,9.100000381,,,,
Guatemala,GTM,"Unemployment, total (% of total labor force) (national estimate)",SL.UEM.TOTL.NE.ZS,,,,,,,,,,,,,,,,,,,,,,2.150000095,2.269999981,,,,,2.400000095,,1.940000057,,,,,,,,,,,,,,2.806799889,2.970799923,,1.90170002,,,,3.496599913,4.126200199,2.764699936,3.016499996,2.716700077,2.506200075,2.582999945,2.461999893,,
Guam,GUM,"Unemployment, total (% of total labor force) (national estimate)",SL.UEM.TOTL.NE.ZS,,,,,,,,,,,,,,,9.600000381,8.210000038,8.789999962,,,,9.899999619,8.699999809,9.600000381,9.25,,,6.28000021,,,2.809999943,2.831199884,3.50909996,3.837300062,5.527200222,7.599999905,7.900000095,8.282699585,9.670000076,7.739999771,13.94999981,15.31999969,13.21259975,11.39000034,,7.699999809,7,7.400000095,8.300000191,,9.300000191,8.199999809,13.30000019,12.19999981,11.5,7.599999905,6.900000095,5.400000095,,,
Guyana,GUY,"Unemployment, total (% of total labor force) (national estimate)",SL.UEM.TOTL.NE.ZS,,,,,,,,,,,,,,,,,,,,,,,,,,,,13.09000015,,,,,11.89999962,,,,,,,,,,11.81000042,,,,10.69999981,,,,,,,,,,,,14.01900005,
High income,HIC,"Unemployment, total (% of total labor force) (national estimate)",SL.UEM.TOTL.NE.ZS,,,,,,,,,,,,,,,,,,,,,,,,,,,,,,,5.791090105,6.531484562,7.313934284,7.824723685,7.87059229,7.438911089,7.498219906,7.239156254,7.153162369,6.972429598,6.558627147,6.559094257,7.067746518,7.209726455,7.025412321,6.704314059,6.166657669,5.641333586,5.90231811,8.040707906,8.290505857,7.97686599,8.013764932,7.933940473,7.30834318,6.685582902,6.148801229,5.619491792,5.117304398,
"Hong Kong SAR, China",HKG,"Unemployment, total (% of total labor force) (national estimate)",SL.UEM.TOTL.NE.ZS,,,,,,,,,,,,,,,,9.170000076,5,4.300000191,1.590000033,2.089999914,2.400000095,1.529999971,1.850000024,2.109999895,1.919999957,3.180000067,2.819999933,1.730000019,1.360000014,1.070000052,1.320000052,1.799999952,1.960000038,1.960000038,1.899999976,3.220000029,2.829999924,2.220000029,4.579999924,6.25,4.920000076,5.090000153,7.28000021,7.860000134,6.739999771,5.579999924,4.769999981,4.010000229,3.559999943,5.260000229,4.309999943,3.420000076,3.289999962,3.400000095,3.299999952,3.319999933,3.390000105,3.089999914,,
Honduras,HND,"Unemployment, total (% of total labor force) (national estimate)",SL.UEM.TOTL.NE.ZS,,,,,,,,,,,,,,,8.100000381,,,,,,,,7.300000191,,,,12.11999989,11.39999962,,,4.78000021,4.579999924,3.059999943,,,3.24000001,4.369999886,3.319999933,4.019999981,3.849999905,,4,4.019999981,5.300000191,5.989999771,4.908699989,3.574500084,3.210500002,3.156399965,3.291699886,4.118700027,4.474500179,3.754499912,5.645800114,7.077600002,6.147299767,6.727099895,5.527800083,5.648300171,
Heavily indebted poor countries (HIPC),HPC,"Unemployment, total (% of total labor force) (national estimate)",SL.UEM.TOTL.NE.ZS,,,,,,,,,,,,,,,,,,,,,,,,,,,,,,,,,,,,,,,,,,,,,,,,,,,,,,,,,,,,
Croatia,HRV,"Unemployment, total (% of total labor force) (national estimate)",SL.UEM.TOTL.NE.ZS,,,,,,,,,,,,,,,,,,,,,,,,,,,,,,,,11.14000034,,,,,9.680000305,9.710000038,11.39179993,13.55889988,16.06369972,15.82159996,15.05259991,13.92380047,13.66399956,12.59780025,11.12959957,9.90929985,8.53030014,9.2020998,11.62030029,13.67800045,15.93459988,17.25110054,17.28969955,16.17519951,13.10340023,11.20810032,8.432200432,
Haiti,HTI,"Unemployment, total (% of total labor force) (national estimate)",SL.UEM.TOTL.NE.ZS,,,,,,,,,,,,,,,,,,,,,,,,12.19999981,,,,,,,11.25,,,,,,,,,7.199999809,,,,,,,,16.79999924,,,,,14.10000038,,,,,,,
Hungary,HUN,"Unemployment, total (% of total labor force) (national estimate)",SL.UEM.TOTL.NE.ZS,,,,,,,,,,,,,,,,,,,,,,,,,,,,,,,1.700000048,8.5,9.942000389,12.09799957,10.84700012,10.16800022,10.02200031,8.99050045,8.925200462,6.928999901,6.563099861,5.671299934,5.608200073,5.789899826,5.832099915,7.188499928,7.493899822,7.405900002,7.816999912,10.03040028,11.1718998,11.02910042,11.00300026,10.17650032,7.725299835,6.813199997,5.114900112,4.155700207,3.708499908,
IBRD only,IBD,"Unemployment, total (% of total labor force) (national estimate)",SL.UEM.TOTL.NE.ZS,,,,,,,,,,,,,,,,,,,,,,,,,,,,,,,,,,,4.012049196,,5.06699115,5.262389643,5.888526061,5.955009659,5.077583221,6.057196436,6.622535906,6.442656104,6.303666359,5.419532551,5.921836367,5.642187149,5.617850394,5.900141434,4.781473787,5.479705151,4.79966924,5.302150522,5.300777723,,,5.573973076,5.31825314,
IDA & IBRD total,IBT,"Unemployment, total (% of total labor force) (national estimate)",SL.UEM.TOTL.NE.ZS,,,,,,,,,,,,,,,,,,,,,,,,,,,,,,,,,,,4.000783854,,,,,,5.094207097,,,,,5.330895769,,,,,4.684660213,,4.793885373,5.007755658,,,,,5.272168175,
IDA total,IDA,"Unemployment, total (% of total labor force) (national estimate)",SL.UEM.TOTL.NE.ZS,,,,,,,,,,,,,,,,,,,,,,,,,,,,,,,,,,,,,,,,,,,,,,,,,,,,,,,,,,,,
IDA blend,IDB,"Unemployment, total (% of total labor force) (national estimate)",SL.UEM.TOTL.NE.ZS,,,,,,,,,,,,,,,,,,,,,,,,,,,,,,,,,,,,,,,,,,,,,,,,,,,,2.707884284,,3.524052242,3.386857902,4.098135472,,,,
Indonesia,IDN,"Unemployment, total (% of total labor force) (national estimate)",SL.UEM.TOTL.NE.ZS,,,,,,,,,,,,,,,,,1.919999957,1.289999962,2.480000019,,1.659999967,,2.849999905,,,2.099999905,2.589999914,2.549999952,2.74000001,,2.540999889,2.616899967,2.733999968,2.781899929,4.366300106,,4.860899925,4.684299946,8.390999794,6.357900143,6.077499866,6.08220005,6.604000092,6.65749979,7.302800179,7.9447999,7.550600052,8.060199738,7.208499908,6.105899811,5.613500118,5.15320015,4.468200207,4.335800171,4.048600197,4.513999939,4.300700188,3.8822999,4.402999878,
IDA only,IDX,"Unemployment, total (% of total labor force) (national estimate)",SL.UEM.TOTL.NE.ZS,,,,,,,,,,,,,,,,,,,,,,,,,,,,,,,,,,,,,,,,,,,,,,,,,,,,,,,,,,,,
Isle of Man,IMN,"Unemployment, total (% of total labor force) (national estimate)",SL.UEM.TOTL.NE.ZS,,,,,,,,,,,,,,,,3.099999905,3.5,3.700000048,3.099999905,2.299999952,2.900000095,4.599999905,5.900000095,7.099999905,7.400000095,8,7.699999809,5.800000191,3.299999952,2,2.099999905,4.099999905,4.300000191,4.900000095,4.699999809,4.400000095,3.539999962,,,0.800000012,0.600000024,1.600000024,0.5,0.800000012,1,1.399999976,2.420000076,1.399999976,1.399999976,,,3.299999952,,2.598130465,1.980000019,,2.667321205,,,
India,IND,"Unemployment, total (% of total labor force) (national estimate)",SL.UEM.TOTL.NE.ZS,,,,,,,,,,,,,,,,,,,,,,,,,,,,,,,,,,,2.146800041,,,,,,2.730600119,,,,,2.421299934,,,,,2.443599939,,2.689800024,,,,,,5.329699993,
Not classified,INX,"Unemployment, total (% of total labor force) (national estimate)",SL.UEM.TOTL.NE.ZS,,,,,,,,,,,,,,,,,,,,,,,,,,,,,,,,,,,,,,,,,,,,,,,,,,,,,,,,,,,,
Ireland,IRL,"Unemployment, total (% of total labor force) (national estimate)",SL.UEM.TOTL.NE.ZS,,,,,,,,,,,,,,,,,,,,,,,,14.7638998,16.4477005,17.92259979,18.02560043,18.06669998,17.43600082,16.09679985,14.08870029,15.77519989,15.03030014,15.58699989,14.56980038,11.98349953,11.71749973,10.20300007,7.698699951,5.80369997,4.317699909,3.683399916,4.215400219,4.478099823,4.490699768,4.342400074,4.414599895,4.980100155,6.773600101,12.60890007,14.53279972,15.35280037,15.45069981,13.73480034,11.8572998,9.906200409,8.373900414,6.71239996,5.740499973,
"Iran, Islamic Rep.",IRN,"Unemployment, total (% of total labor force) (national estimate)",SL.UEM.TOTL.NE.ZS,,,,,,,,,,,,,,,,,,,,,,,,,,,14.19999981,,,,,11.10000038,,,,,9.100000381,,,,,,12.80000019,,10.30000019,12.10000038,11.19999981,10.60000038,10.47999954,11.97000027,13.52000046,12.44999981,12.63000011,10.43999958,10.56999969,11.06000042,12.43000031,12.10000038,12.06000042,
Iraq,IRQ,"Unemployment, total (% of total labor force) (national estimate)",SL.UEM.TOTL.NE.ZS,,,,,,,,,,,,,,,,,,,,,,,,,,,,,,,,,,,,,,,,,,,,,,,,8.646100044,,,,,7.964700222,,10.59000015,,10.81999969,13.02000046,,
Iceland,ISL,"Unemployment, total (% of total labor force) (national estimate)",SL.UEM.TOTL.NE.ZS,,,,,,,,,,,,,,,,,,,,,,,,,,,,,,,,2.548000097,4.304999828,5.256999969,5.326000214,5.195600033,3.600399971,3.720299959,3.069400072,2.178100109,1.936400056,1.873600006,2.988199949,3.997100115,4.030799866,2.546999931,2.829799891,2.2506001,2.945600033,7.220399857,7.56430006,7.028100014,6.000199795,5.376399994,4.897200108,3.979199886,2.977900028,2.741899967,2.703999996,
Israel,ISR,"Unemployment, total (% of total labor force) (national estimate)",SL.UEM.TOTL.NE.ZS,,,,,,,,,,4.46999979,3.819999933,3.460000038,2.700000048,2.640000105,3.049999952,,3.470000029,,3.420000076,2.779999971,4.590000153,4.920000076,4.809999943,4.320000172,5.690000057,6.329999924,,,,,12.24100018,13.38700008,14.07999992,12.74100018,9.934000015,8.781999588,8.454999924,9.751000404,10.7489996,11.18299961,11.10200024,11.81200027,12.88799953,13.50500011,13.02900028,11.34200001,10.70699978,9.37899971,7.703999996,9.534000397,8.479999542,7.138999939,6.856999874,6.208000183,5.889999866,5.250999928,4.797999859,4.215000153,3.997999907,
Italy,ITA,"Unemployment, total (% of total labor force) (national estimate)",SL.UEM.TOTL.NE.ZS,,,,,,,,,,,5.440000057,5.440000057,6.389999866,6.369999886,5.380000114,5.820000172,6.639999866,,7.239999771,7.639999866,7.53000021,,9.029999733,8.569999695,9.409399986,9.406499863,10.55449963,10.72249985,10.9744997,10.99059963,9.792300224,10.10249996,9.32820034,10.23989964,11.09280014,11.66899967,11.87409973,11.99909973,12.11870003,11.68999958,10.84179974,9.595100403,9.207500458,8.865699768,7.865600109,7.730500221,6.776599884,6.075399876,6.723199844,7.748600006,8.362500191,8.359000206,10.65450001,12.14869976,12.68280029,11.89599991,11.6882,11.2105999,10.60999966,
Jamaica,JAM,"Unemployment, total (% of total labor force) (national estimate)",SL.UEM.TOTL.NE.ZS,,,,,,,,,,17.57999992,,,23.18000031,22.11000061,20.5,19.64999962,21.80999947,,23.71999931,,35.50999832,25,26.70000076,,,33.38999939,,,23.03000069,,15.72000027,15.73999977,15.75,16.31999969,15.34000015,16.22999954,16.01000023,16.35000038,15.5,15.73999977,15.53909969,14.93000031,14.19050026,11.73130035,12.20510006,11.26319981,10.32479954,9.745300293,10.58950043,11.36229992,12.36590004,12.69999981,13.93019962,15.25059986,13.73999977,13.51130009,13.19180012,11.63409996,9.103699684,7.715000153
Jordan,JOR,"Unemployment, total (% of total labor force) (national estimate)",SL.UEM.TOTL.NE.ZS,,,,,,,,,,,,,,,,,,,,,,,,6.599999905,,,13.30000019,14.80000019,,,,,,19.70000076,,14.60000038,13.69999981,,,,13.69999981,14.69999981,15.30000019,14.5,,14.80000019,14,13.10000038,12.69999981,12.89999962,12.5,12.89999962,12.19999981,12.60000038,11.89999962,13.07499981,15.27499962,,,
Japan,JPN,"Unemployment, total (% of total labor force) (national estimate)",SL.UEM.TOTL.NE.ZS,1.700000048,1.399999976,1.299999952,1.299999952,1.100000024,1.200000048,1.299999952,1.299999952,1.200000048,1.100000024,1.100000024,1.200000048,1.399999976,1.299999952,1.399999976,1.899999976,2,2,2.200000048,2.099999905,2,2.200000048,2.400000095,2.599999905,2.700000048,2.599999905,2.799999952,2.799999952,2.5,2.299999952,2.099999905,2.099999905,2.200000048,2.5,2.900000095,3.200000048,3.400000095,3.400000095,4.099999905,4.699999809,4.699999809,5,5.400000095,5.300000191,4.699999809,4.400000095,4.099999905,3.900000095,4,5.099999905,5.099999905,4.520999908,4.300000191,4,3.599999905,3.400000095,3.099999905,2.799999952,2.400000095,2.400000095
Kazakhstan,KAZ,"Unemployment, total (% of total labor force) (national estimate)",SL.UEM.TOTL.NE.ZS,,,,,,,,,,,,,,,,,,,,,,,,,,,,,,,,0.050000001,0.400000006,1.110000014,7.539999962,10.97999954,12.96000004,13.01000023,13.13000011,13.46000004,12.75,10.43000031,9.329999924,8.779999733,8.399999619,8.130000114,7.789999962,7.260000229,6.630000114,6.550000191,5.769999981,5.389999866,5.289999962,5.199999809,5.059999943,4.929999828,4.960000038,4.900000095,,
Kenya,KEN,"Unemployment, total (% of total labor force) (national estimate)",SL.UEM.TOTL.NE.ZS,,,,,,,,,,,,,,,,,,,,,,,,,,,,,,,,,,,,,,,,10.00430012,,,,,,,9.957300186,,,9.600000381,,,,,,,2.757400036,,,
Kyrgyz Republic,KGZ,"Unemployment, total (% of total labor force) (national estimate)",SL.UEM.TOTL.NE.ZS,,,,,,,,,,,,,,,,,,,,,,,,,,,,,,,,,,,,,,,,,7.539999962,7.840000153,12.55000019,9.920000076,8.529999733,8.109999657,8.270000458,8.100000381,8.220000267,8.409999847,8.640000343,8.529999733,8.430000305,8.329999924,8.050000191,7.559999943,7.210000038,6.889999866,4.537099838,
Cambodia,KHM,"Unemployment, total (% of total labor force) (national estimate)",SL.UEM.TOTL.NE.ZS,,,,,,,,,,,,,,,,,,,,,,,,,,,,,,,,,,,,,0.839999974,,,,2.764300108,2.0552001,,,7.53000021,,,1.257099986,0.824500024,0.578599989,0.770600021,0.577400029,1.278699994,0.4375,0.691699982,0.393099993,0.716199994,,,
Kiribati,KIR,"Unemployment, total (% of total labor force) (national estimate)",SL.UEM.TOTL.NE.ZS,,,,,,,,,,,,,,,,,,,,,,,,,,,,,,,,,,,,,,,,,,,,,,14.64999962,,,,,30.57999992,,,,,9.334500313,,,,
St. Kitts and Nevis,KNA,"Unemployment, total (% of total labor force) (national estimate)",SL.UEM.TOTL.NE.ZS,,,,,,,,,,,,,,,,,,,,,9.829999924,,,,,,,,,,,5.139999866,,,,,,,,,,5.119999886,,,,,,,,,,,,,,,,,,
"Korea, Rep.",KOR,"Unemployment, total (% of total labor force) (national estimate)",SL.UEM.TOTL.NE.ZS,,,,,,,,,,4.860000134,4.510000229,4.570000172,4.590000153,4.039999962,4.150000095,4.179999828,3.807600021,3.805700064,3.167299986,3.812000036,5.196000099,4.506999969,4.362999916,4.06799984,3.801000118,3.98300004,3.809999943,3.088000059,2.519000053,2.569000006,2.453999996,2.407000065,2.513000011,2.878000021,2.476000071,2.062999964,2.048000097,2.60800004,6.962999821,6.342000008,4.400000095,4,3.299999952,3.599999905,3.700000048,3.700000048,3.5,3.200000048,3.200000048,3.599999905,3.700000048,3.400000095,3.200000048,3.099999905,3.5,3.545900106,3.650000095,3.652800083,3.823999882,
Kuwait,KWT,"Unemployment, total (% of total labor force) (national estimate)",SL.UEM.TOTL.NE.ZS,,,,,,,,,,,,,,,,,,,,,,,,1.019999981,,,,,1.909999967,,,,,0.800000012,0.699999988,,0.699999988,0.699999988,0.699999988,0.699999988,0.800000012,0.800000012,1.100000024,1.299999952,1.700000048,1.950000048,1.299999952,1.5,1.75,1.639999986,1.820000052,,,,2.900000095,2.200000048,2.160000086,,,
Latin America & Caribbean (excluding high income),LAC,"Unemployment, total (% of total labor force) (national estimate)",SL.UEM.TOTL.NE.ZS,,,,,,,,,,,,,,,,,,,,,,,,,,,,,,,,,6.247370867,6.379660235,,8.073594183,8.435660209,8.063863048,8.781890124,9.463627635,,8.722756785,9.307015525,8.922121396,7.919565241,7.902968886,6.665874002,6.93360313,6.311686484,7.299874989,,6.308187045,6.362632217,6.121772678,5.914328197,6.452868105,7.924212398,8.252883291,8.475175727,
Lao PDR,LAO,"Unemployment, total (% of total labor force) (national estimate)",SL.UEM.TOTL.NE.ZS,,,,,,,,,,,,,,,,,,,,,,,,,,,,,,,,,,,,2.599999905,,,,,,,,,,1.350000024,,,,,0.708299994,,,,,,,9.406000137,,
Lebanon,LBN,"Unemployment, total (% of total labor force) (national estimate)",SL.UEM.TOTL.NE.ZS,,,,,,,,,,,,,,,,,,,,,,,,,,,,,,,,,,,,,,8.619999886,,,,,,,7.849999905,,,8.979999542,,6.354991913,,,,,,,,,,
Liberia,LBR,"Unemployment, total (% of total labor force) (national estimate)",SL.UEM.TOTL.NE.ZS,,,,,,,,,,,,,,,,,,,,,,,,,,,,,,,,,,,,,,,,,,,,,,,,,,,2.26609993,,19.51939964,,2.078900099,2.078900099,3.080600023,,,
Libya,LBY,"Unemployment, total (% of total labor force) (national estimate)",SL.UEM.TOTL.NE.ZS,,,,,,,,,,,,,,,,,,,,,,,,,,,,,,,,,,,,,,,,,,,,,,,,,,,,,19.03000069,,,,,,,
St. Lucia,LCA,"Unemployment, total (% of total labor force) (national estimate)",SL.UEM.TOTL.NE.ZS,,,,,,,,,,,,,,,,,,,,,,,,,,,,,,,,,,16.79999924,17,15.82999992,16.32999992,20.46999931,21.60000038,18.09000015,16.48999977,,20.38999939,22.18000031,20.96999931,18.70000076,16,14,12.72000027,15.36999989,,18.86000061,19.05999947,22.20999908,,24.08959961,21.26269913,,,
Latin America & Caribbean,LCN,"Unemployment, total (% of total labor force) (national estimate)",SL.UEM.TOTL.NE.ZS,,,,,,,,,,,,,,,,,,,,,,,,,,,,,,,,,6.404929251,6.521918041,,8.099420123,8.533657727,8.164377652,8.825451739,9.565317048,,8.878625152,9.436646781,9.052407407,8.06798086,8.009324098,6.811892036,7.011620755,6.439802019,7.460314605,,6.362671896,6.386020471,6.140972307,5.957183067,6.458782495,7.856661361,8.187234387,8.400884909,
Least developed countries: UN classification,LDC,"Unemployment, total (% of total labor force) (national estimate)",SL.UEM.TOTL.NE.ZS,,,,,,,,,,,,,,,,,,,,,,,,,,,,,,,,,,,,,,,,,,,,,,,,,,,,,,,,,,,,
Low income,LIC,"Unemployment, total (% of total labor force) (national estimate)",SL.UEM.TOTL.NE.ZS,,,,,,,,,,,,,,,,,,,,,,,,,,,,,,,,,,,,,,,,,,,,,,,,,,,,,,,,,,,,
Liechtenstein,LIE,"Unemployment, total (% of total labor force) (national estimate)",SL.UEM.TOTL.NE.ZS,,,,,,,,,,,,,,,,,,,,,,,,,,,,,,,0.150000006,0.519999981,0.75999999,1.360000014,1.019999981,0.899999976,1.600000024,1.340000033,1.779999971,1.779999971,1.269999981,1.120000005,1.450000048,2.109999895,2.400000095,2.660000086,2.460000038,2.00999999,,,,,,,,,,,,
Sri Lanka,LKA,"Unemployment, total (% of total labor force) (national estimate)",SL.UEM.TOTL.NE.ZS,,,,,,,,,,,,,,,,,,,,,,,,,,,,,,,15.89999962,14.66139984,14.22000027,13.81999969,13.02999973,12.27000046,11.35000038,10.60000038,9.170000076,8.880000114,7.739999771,7.900000095,8.760000229,8.220000267,8.380000114,7.670000076,6.5,5.96999979,5.21999979,5.849999905,4.78399992,4.1177001,3.880000114,4.24119997,4.193699837,4.518799782,4.242499828,4.045700073,,
Lower middle income,LMC,"Unemployment, total (% of total labor force) (national estimate)",SL.UEM.TOTL.NE.ZS,,,,,,,,,,,,,,,,,,,,,,,,,,,,,,,,,,,3.312055919,,,,,,4.561590171,,,,,4.345223216,,,,,3.489152992,,3.764743921,,,,,,4.804991671,
Low & middle income,LMY,"Unemployment, total (% of total labor force) (national estimate)",SL.UEM.TOTL.NE.ZS,,,,,,,,,,,,,,,,,,,,,,,,,,,,,,,,,,,3.8547312,,,,,,4.944421791,,,,,5.195802809,,,,,4.623010245,,4.736977364,,,,,,5.283745882,
Lesotho,LSO,"Unemployment, total (% of total labor force) (national estimate)",SL.UEM.TOTL.NE.ZS,,,,,,,,,,,,,,,,,,,,,,,,,,,10,,,,,,,,,,,37.93999863,,27.27000046,,,,,,,,,35.45999908,,,,,24.57999992,,,,,,
Late-demographic dividend,LTE,"Unemployment, total (% of total labor force) (national estimate)",SL.UEM.TOTL.NE.ZS,,,,,,,,,,,,,,,,,,,,,,,,,,,,,,,2.994469095,2.86686142,3.535893817,3.73700099,3.908782597,4.423941531,4.461166984,4.745016192,5.010276657,5.270418369,4.707421548,5.243457099,5.427022703,5.634538738,5.450366842,5.502854322,5.111675971,4.835918545,4.985657137,5.275844392,4.706960235,4.851600551,4.785686883,4.724171575,4.623540931,,,4.906451299,4.716097326,
Lithuania,LTU,"Unemployment, total (% of total labor force) (national estimate)",SL.UEM.TOTL.NE.ZS,,,,,,,,,,,,,,,,,,,,,,,,,,,,,,,,,,,17.32999992,17.54000092,16.39999962,14.13000011,13.71100044,13.38759995,15.93109989,16.83959961,13.00800037,12.87450027,10.6843996,8.32460022,5.780399799,4.25,5.825900078,13.78499985,17.81410027,15.39039993,13.36480045,11.76990032,10.69810009,9.119999886,7.862100124,7.073200226,6.147099972,
Luxembourg,LUX,"Unemployment, total (% of total labor force) (national estimate)",SL.UEM.TOTL.NE.ZS,,,,,,,,,,,,,,,,,,,,,,,,3.19810009,2.628099918,2.956099987,2.639100075,2.46510005,1.998299956,1.58829999,1.607200027,1.48239994,2.029099941,2.329999924,3.479500055,2.917900085,3.286200047,2.527199984,2.763099909,2.389800072,2.345299959,1.804999948,2.620899916,3.674999952,5.113299847,4.488200188,4.730700016,4.065199852,5.060100079,5.122399807,4.360799789,4.901500225,5.140100002,5.847599983,5.852399826,6.668600082,6.290699959,5.52159977,5.585400105,
Latvia,LVA,"Unemployment, total (% of total labor force) (national estimate)",SL.UEM.TOTL.NE.ZS,,,,,,,,,,,,,,,,,,,,,,,,,,,,,,,,,,,,,20.93000031,14.89999962,14.46350002,13.78969955,14.21080017,13.82110023,13.82890034,12.06110001,11.70839977,10.03299999,7.029699802,6.051599979,7.738900185,17.51469994,19.4822998,16.20639992,15.04669952,11.86740017,10.84630013,9.873000145,9.642900467,8.715000153,7.41230011,
"Macao SAR, China",MAC,"Unemployment, total (% of total labor force) (national estimate)",SL.UEM.TOTL.NE.ZS,,,,,,,,,,,,,,,,,,,,,,,,,,,,,,,,3.00999999,2.200000048,2.099999905,2.5,3.599999905,4.199999809,3.200000048,4.599999905,6.300000191,6.800000191,6.400000095,6.300000191,6,4.900000095,4.099999905,3.799999952,3.200000048,3,3.579999924,2.839999914,2.559999943,1.970000029,1.820000052,1.700000048,1.809999943,1.899999976,2,,
St. Martin (French part),MAF,"Unemployment, total (% of total labor force) (national estimate)",SL.UEM.TOTL.NE.ZS,,,,,,,,,,,,,,,,,,,,,,,,,,,,,,,,,,,,,,,,,,,,,,,,,,,,,,,,,,,,
Morocco,MAR,"Unemployment, total (% of total labor force) (national estimate)",SL.UEM.TOTL.NE.ZS,,,,,,,,,,,,,,,,,,,,,,,,,,,,14.69999981,13.89999962,16.29999924,15.80000019,16.97999954,15.68000031,15.68999958,,22.86000061,17.76000023,16.67000008,19.12000084,13.93999958,13.57999992,12.46000004,11.59000015,11.92000008,10.82999992,11.01000023,9.670000076,9.56000042,9.569999695,8.960000038,9.090000153,8.909999847,8.989999771,9.229999542,9.699999809,9.460000038,9.300000191,,,
Monaco,MCO,"Unemployment, total (% of total labor force) (national estimate)",SL.UEM.TOTL.NE.ZS,,,,,,,,,,,,,,,,,,,,,,,,,,,,,,,,,,,,,,,,,3.599999905,,,,,,,,,,,,,,,,6.329999924,,,
Moldova,MDA,"Unemployment, total (% of total labor force) (national estimate)",SL.UEM.TOTL.NE.ZS,,,,,,,,,,,,,,,,,,,,,,,,,,,,,,,,,,,,,,,,11.14000034,8.460000038,7.289999962,6.800000191,7.949999809,8.170000076,7.289999962,7.380000114,5.070000172,3.980000019,6.400000095,7.446400166,6.682199955,5.577799797,5.104300022,3.856400013,3.694200039,4.184999943,4.097599983,2.978499889,
Madagascar,MDG,"Unemployment, total (% of total labor force) (national estimate)",SL.UEM.TOTL.NE.ZS,,,,,,,,,,,,,,,,,,,,,,,,,,,,,,,,,,,,,,,,,5.800000191,5.349999905,,5.010000229,,2.619999886,,,,,4.28000021,,0.59859997,,,1.7852,,,,
Maldives,MDV,"Unemployment, total (% of total labor force) (national estimate)",SL.UEM.TOTL.NE.ZS,,,,,,,,,,,,,,,,,,,,,,,,,,,,,,,,,,,,0.790000021,,,,,1.970000029,,,,,,,,,,,,,,5.210000038,,6.119900227,,,
Middle East & North Africa,MEA,"Unemployment, total (% of total labor force) (national estimate)",SL.UEM.TOTL.NE.ZS,,,,,,,,,,,,,,,,,,,,,,,,,,,,,,,,12.46245414,,,,,,,,,,,12.79929323,,11.24030428,11.45984184,10.53730568,9.85648023,9.537261141,9.748514979,10.14687393,10.69253696,10.89863763,10.44958626,10.36581771,10.49703701,9.993702268,10.6314413,,
Mexico,MEX,"Unemployment, total (% of total labor force) (national estimate)",SL.UEM.TOTL.NE.ZS,,,,,,,,,,,,,,,,,,,,,,,,,,,,,1.75999999,,,3.046999931,3.095999956,3.213999987,4.248000145,6.888000011,5.25,4.054999828,3.572999954,2.487999916,2.562999964,2.538000107,3.002599955,3.455300093,3.936500072,3.557899952,3.565999985,3.627599955,3.87409997,5.356400013,5.303299904,5.169799805,4.887000084,4.913899899,4.809400082,4.312699795,3.858999968,3.41960001,3.282900095,3.482800007
Marshall Islands,MHL,"Unemployment, total (% of total labor force) (national estimate)",SL.UEM.TOTL.NE.ZS,,,,,,,,,,,,,,,,,,,,,9.729999542,,,,,,,,12.47000027,,,,,,,,,,,,,,,,,25.37000084,,,,,,4.739999771,,,,,,,,
Middle income,MIC,"Unemployment, total (% of total labor force) (national estimate)",SL.UEM.TOTL.NE.ZS,,,,,,,,,,,,,,,,,,,,,,,,,,,,,,,,,,,3.852327699,,,,,,4.942751259,,,,,5.290953421,,,,5.693769173,4.579902389,5.258503598,4.755612411,5.048284279,5.066972055,,,,5.267588593,
North Macedonia,MKD,"Unemployment, total (% of total labor force) (national estimate)",SL.UEM.TOTL.NE.ZS,,,,,,,,,,,,,,,,,,,,,,,22,20.89999962,21.10000038,21.60000038,21.70000076,21.5,21.39999962,22.60000038,23.60000038,24.5,26.29999924,27.70000076,30,35.59999847,38.79999924,36,34.5,32.40000153,32.20000076,30.52000046,31.94000053,36.68999863,37.16130066,37.24990082,36.02539825,34.93450165,33.76129913,32.1794014,32.0196991,31.37750053,31.01639938,28.99609947,28.03030014,26.06839943,23.72439957,22.38120079,20.73559952,
Mali,MLI,"Unemployment, total (% of total labor force) (national estimate)",SL.UEM.TOTL.NE.ZS,,,,,,,,,,,,,,,,,,,,,,,,,,,,,,,,,,,,,,3.299999952,,,,,,,8.75,,,11.71000004,,,8.069999695,6.900000095,,6.350900173,6.375500202,7.729199886,1.366999984,7.414400101,1.619899988,
Malta,MLT,"Unemployment, total (% of total labor force) (national estimate)",SL.UEM.TOTL.NE.ZS,,,,,,,,,,,,,,,,,,,,,,,,8.5,,8.100000381,6.800000191,4.400000095,4,3.700000048,3.900000095,3.599999905,4,4.5,4.099999905,3.700000048,4.400000095,5,5.099999905,5.300000191,6.323500156,7.107299805,6.902100086,7.487699986,7.316599846,6.923299789,6.798299789,6.472300053,5.97660017,6.888800144,6.847400188,6.378099918,6.196100235,6.10559988,5.724699974,5.379000187,4.687099934,4.00150013,3.658200026,
Myanmar,MMR,"Unemployment, total (% of total labor force) (national estimate)",SL.UEM.TOTL.NE.ZS,,,,,,,,,,,,,,,,,,,,,,,,,,,,,,,6,,,,,,,,,,,,,,,,,,,,,,,,,0.765900016,,1.556100011,0.86589998,
Middle East & North Africa (excluding high income),MNA,"Unemployment, total (% of total labor force) (national estimate)",SL.UEM.TOTL.NE.ZS,,,,,,,,,,,,,,,,,,,,,,,,,,,,,,,,12.44955842,,,,,,,,,,,13.70233424,,11.91406146,12.47437175,11.1622543,10.47023704,10.41283369,10.5054597,11.07771197,11.74179994,11.97915663,11.54700664,11.52226316,11.94596583,11.94425626,12.63942785,,
Montenegro,MNE,"Unemployment, total (% of total labor force) (national estimate)",SL.UEM.TOTL.NE.ZS,,,,,,,,,,,,,,,,,,,,,,,,,,,,,,,,,,,,,,,,,,,,,,30.30999947,,19.39999962,17.14999962,19.09000015,19.64870071,19.67079926,19.97450066,19.49550056,17.99650002,17.54380035,17.72330093,16.07110023,15.17490005,
Mongolia,MNG,"Unemployment, total (% of total labor force) (national estimate)",SL.UEM.TOTL.NE.ZS,,,,,,,,,,,,,,,,,,,,,,,,,,,,,,,,,,,,5.5,,,,,,,6.199999809,6.800000191,,,,7.199999809,5.564799786,5.859899998,6.549399853,4.769299984,3.904900074,4.231200218,4.798099995,4.86070013,7.235099792,6.359399796,5.376599789,
Northern Mariana Islands,MNP,"Unemployment, total (% of total labor force) (national estimate)",SL.UEM.TOTL.NE.ZS,,,,,,,,,,,,,,,,,,,,,,,,,11.75,,,,,,,,,,,,,,,,3.829999924,,,4.570000172,,8.220000267,,,,,11.17000008,,,,,,,,,
Mozambique,MOZ,"Unemployment, total (% of total labor force) (national estimate)",SL.UEM.TOTL.NE.ZS,,,,,,,,,,,,,,,,,,,,,,,,,,,,,,,,,,,,,,2.700000048,,,,,,,,,,,,,,,,,,3.426399946,,,,
Mauritania,MRT,"Unemployment, total (% of total labor force) (national estimate)",SL.UEM.TOTL.NE.ZS,,,,,,,,,,,,,,,,,,14.14000034,,,,,,,,,,,25.79999924,,,,,,,,,,,,,,,,,,,,,,,,9.864500046,,,,,10.33590031,,
Mauritius,MUS,"Unemployment, total (% of total labor force) (national estimate)",SL.UEM.TOTL.NE.ZS,,,,,,,,,,,,,,,,,,,,,,,,,,,,,,,,,,,,9.590000153,,,,,,9.139499664,8.204600334,5.903800011,8.337400436,9.523799896,9.040200233,8.475299835,7.169700146,7.257100105,7.653900146,7.447199821,7.472300053,7.322299957,7.467299938,7.409599781,6.813499928,6.752200127,6.426499844,
Malawi,MWI,"Unemployment, total (% of total labor force) (national estimate)",SL.UEM.TOTL.NE.ZS,,,,,,,,,,,,,,,,,,,,,,,,5.400000095,,,,,,,,,,,,,,,,,,,,,,0.941500008,,,,,,,,5.946499825,,,,28.66650009,,
Malaysia,MYS,"Unemployment, total (% of total labor force) (national estimate)",SL.UEM.TOTL.NE.ZS,,,,,,,,,,,,,,,,,,,,,,,3.400000095,3.799999952,5.840000153,6.920000076,8.289999962,7.329999924,7.260000229,5.730000019,4.5,,3.710000038,4.110000134,,3.150000095,2.519999981,2.450000048,3.200000048,3.430000067,3,3.529999971,3.480000019,3.609999895,3.539999962,3.529999971,3.309999943,3.230000019,3.319999933,3.660000086,3.390000105,3.089999914,3.099999905,3.160000086,2.880000114,3.099999905,3.440000057,3.410000086,3.299999952,
North America,NAC,"Unemployment, total (% of total labor force) (national estimate)",SL.UEM.TOTL.NE.ZS,,,,,,,,,,,,,,,,,,,,,,,,,,,,,,,5.860272653,7.161274172,7.873672633,7.35058366,6.545279636,6.030580456,5.862186216,5.403989346,4.88265946,4.552359214,4.273892778,4.980674835,5.97585557,6.153825347,5.701941167,5.258057112,4.799920479,4.771044207,5.821535383,9.15733462,9.463626976,8.793477686,7.985249663,7.341974481,6.249047901,5.457552808,5.10136603,4.572171495,4.107470728,3.887956102
Namibia,NAM,"Unemployment, total (% of total labor force) (national estimate)",SL.UEM.TOTL.NE.ZS,,,,,,,,,,,,,,,,,,,,,,,,,,,,,,,,19.13999939,,,19.39999962,,,24.45000076,,,20.29999924,,,,22.09000015,,,,,,22.10000038,,16.77079964,19.02809906,18.52070045,,23.35180092,,19.87700081,
New Caledonia,NCL,"Unemployment, total (% of total labor force) (national estimate)",SL.UEM.TOTL.NE.ZS,,,,,,,,,,,,,,,,,,,,,,,,,,,,,,,,,,,,,18.63999939,,,,,,,,16.30999947,,,,,13.97000027,,,,,14.59000015,,,,,
Niger,NER,"Unemployment, total (% of total labor force) (national estimate)",SL.UEM.TOTL.NE.ZS,,,,,,,,,,,,,,,,,,,,,,,,,,,,,,,,,,,,,,,,,,1.470000029,,,,3.099999905,,,,,,0.316500008,2.176800013,,0.523899972,,,7.768899918,,
Nigeria,NGA,"Unemployment, total (% of total labor force) (national estimate)",SL.UEM.TOTL.NE.ZS,,,,,,,,,,,,,,,,,,,,,,,,,,,3.940000057,,,,,,,,,,,,,,,,,,,,,,,,,3.76970005,,3.703299999,4.562300205,4.31099987,7.059899807,8.388500214,,
Nicaragua,NIC,"Unemployment, total (% of total labor force) (national estimate)",SL.UEM.TOTL.NE.ZS,,,,,,,,,,,,,,,,,,,,,,,,,,3.200000048,4.699999809,5.800000191,6,8.659999847,,,,,,,,,,,,,,7.599999905,6.409999847,5.369999886,5.309999943,4.889999866,6.199999809,8.159999847,7.829999924,,5.207699776,5.28000021,4.519499779,,,,,
Netherlands,NLD,"Unemployment, total (% of total labor force) (national estimate)",SL.UEM.TOTL.NE.ZS,,,,,,,,,,,,,,,,6,,5.880000114,,6.159999847,,7.920000076,,11.85070038,,10.48009968,,9.897199631,9.369199753,8.703499794,7.669799805,7.28429985,5.5552001,6.284999847,7.15929985,7.15749979,6.420800209,5.51060009,4.394000053,3.622499943,2.725399971,2.119299889,2.553999901,3.593400002,4.64620018,5.872499943,5.002399921,4.152699947,3.654200077,4.347000122,4.988999844,4.977300167,5.820899963,7.243000031,7.415800095,6.872000217,6.006299973,4.838600159,3.830499887,
Norway,NOR,"Unemployment, total (% of total labor force) (national estimate)",SL.UEM.TOTL.NE.ZS,,,,,,,,,,,,,1.669999957,1.549999952,1.480000019,2.289999962,1.75999999,1.460000038,1.799999952,1.99000001,,,1.700000048,2.039999962,2.900000095,2.319999933,1.789999962,2.029999971,3.019999981,4.829999924,5.261000156,5.407000065,5.909999847,5.965000153,5.348999977,6.307300091,5.03579998,4.686699867,3.736900091,3.246599913,3.457900047,3.738300085,4.021900177,4.220600128,4.256299973,4.380700111,3.398600101,2.493400097,2.549900055,3.102900028,3.521399975,3.214900017,3.122800112,3.423099995,3.483799934,4.295899868,4.678899765,4.162099838,3.799700022,
Nepal,NPL,"Unemployment, total (% of total labor force) (national estimate)",SL.UEM.TOTL.NE.ZS,,,,,,,,,,,,,,,,,,,,,,,,,,,,,,,,,,,,,4.5,,,1.850000024,,,,,,,,,1.327900052,,,,,,,3.880000114,,11.35540009,,
Nauru,NRU,"Unemployment, total (% of total labor force) (national estimate)",SL.UEM.TOTL.NE.ZS,,,,,,,,,,,,,,,,,,,,,,,,,,,,,,,,,,,,,,,,,,,22.76000023,,,,,,,,,22.95999908,,13.2816,,,,,,
New Zealand,NZL,"Unemployment, total (% of total labor force) (national estimate)",SL.UEM.TOTL.NE.ZS,,,,,,,,,,,,,,,,,,,,,,,,,,,4.185800076,4.213600159,5.770400047,7.3052001,7.981999874,10.61400032,10.66699982,9.803999901,8.354000092,6.460999966,6.289999962,6.856999874,7.717999935,7.022999763,6.130000114,5.433000088,5.282000065,4.750800133,4.005000114,3.806999922,3.857000113,3.661000013,4.166999817,6.120999813,6.55700016,6.491000175,6.931000233,6.264999866,5.751999855,5.359600067,5.099999905,4.702000141,4.300899982,
OECD members,OED,"Unemployment, total (% of total labor force) (national estimate)",SL.UEM.TOTL.NE.ZS,,,,,,,,,,,,,,,,,,,,,,,,,,,,,,,5.943449478,6.435842048,7.191187111,7.686298073,7.784700224,7.520868789,7.39383746,7.084889892,6.955245558,6.749629986,6.324338763,6.342624572,6.893418071,7.061110102,6.96482258,6.657283388,6.086968529,5.632018438,5.961338913,8.143834285,8.336681731,7.951136895,7.939767649,7.881977045,7.360405862,6.770331952,6.32441525,5.763568263,5.293250812,
Oman,OMN,"Unemployment, total (% of total labor force) (national estimate)",SL.UEM.TOTL.NE.ZS,,,,,,,,,,,,,,,,,,,,,,,,,,,,,,,,,,,,,,,,,,,,,,,,,4.141776562,,,,,,,,3.269999981,,1.799999952,
Other small states,OSS,"Unemployment, total (% of total labor force) (national estimate)",SL.UEM.TOTL.NE.ZS,,,,,,,,,,,,,,,,,,,,,,,,,,,,,,,,,,,,,,,,,,,,,,,,,,,,,,,,,,,,
Pakistan,PAK,"Unemployment, total (% of total labor force) (national estimate)",SL.UEM.TOTL.NE.ZS,,,,,,,,,,,,2.089999914,2.150000095,2,1.669999957,1.700000048,1.899999976,1.899999976,4.179999828,4.119999886,4.010000229,3.819999933,3.819999933,4.300000191,4.159999847,3.970000029,3.970000029,3.049999952,2.160000086,2.029999971,1.970000029,5.849999905,5.179999828,4.28000021,4.260000229,5.03000021,4.789999962,5.809999943,5.699999809,5.349999905,7.159999847,6.880000114,7.829999924,7.489999771,7.400000095,7.050000191,0.582099974,0.397700012,0.423099995,0.535000026,0.652899981,0.796000004,,2.953700066,1.826799989,3.565900087,,,4.083199978,
Panama,PAN,"Unemployment, total (% of total labor force) (national estimate)",SL.UEM.TOTL.NE.ZS,,,,,,,,,,,7.099999905,7.599999905,6.789999962,6.989999771,5.800000191,6.409999847,6.670000076,8.729999542,8.06000042,8.779999733,,,8.409999847,9.710000038,10.07999992,12.34000015,10.52999973,11.84000015,16.32999992,16.30999947,11.60000038,16.12000084,14.67000008,13.26000023,14,14.01000023,14.31999969,13.36999989,14.02000046,11.75,13.52999973,14.71000004,14.10999966,13.61999989,12.43999958,10.32999992,9.109999657,6.78000021,,6.559999943,3.713000059,2.311199903,2.390599966,2.300499916,2.722800016,3.00180006,3.314599991,3.899800062,3.894099951,
Peru,PER,"Unemployment, total (% of total labor force) (national estimate)",SL.UEM.TOTL.NE.ZS,,,,,,,,,,5.900000095,4.840000153,4.570000172,4.400000095,4.230000019,4,4.920000076,5.199999809,5.820000172,6.5,7.119999886,6.96999979,6.769999981,6.980000019,9.199999809,10.5,11.78999996,5.320000172,3.630000114,,7.920000076,8.600000381,5.800000191,9.399999619,9.869999886,,,7.070000172,7.690000057,7.75,7.989999771,7.800000191,7.880000114,5.799200058,4.78760004,4.900800228,4.860499859,4.259500027,4.188199997,4.05670023,3.90019989,3.478399992,3.442500114,3.109499931,3.236900091,2.962500095,3.000200033,3.53489995,3.459899902,6.431900024,
Philippines,PHL,"Unemployment, total (% of total labor force) (national estimate)",SL.UEM.TOTL.NE.ZS,,,,,,,,,,6.699999809,,5.28000021,5.360000134,4.769999981,3.210000038,3.829999924,4.800000191,4.46999979,4,3.5,4.75,5.360000134,5.5,4.889999866,7.03000021,6.070000172,6.429999828,9.100000381,8.340000153,8.420000076,8.130000114,10.59850025,9.866100311,9.288900375,9.483300209,9.526100159,8.563799858,8.777199745,10.25399971,9.808699608,11.18929958,3.698199987,11.51000023,3.527299881,3.553499937,3.795200109,4.052299976,3.434200048,3.719899893,3.858099937,3.605099916,3.592200041,3.504199982,3.49729991,3.599900007,3.067899942,2.707799911,2.551800013,2.338399887,
Palau,PLW,"Unemployment, total (% of total labor force) (national estimate)",SL.UEM.TOTL.NE.ZS,,,,,,,,,,,,,,,,,,,,,,,,,,,,,,,7.760000229,,,,,7.03000021,,,,,3.300100088,,,,,4.179999828,,,,,,,,,1.356899977,,,,,
Papua New Guinea,PNG,"Unemployment, total (% of total labor force) (national estimate)",SL.UEM.TOTL.NE.ZS,,,,,,,,,,,,,,,,,,,,,,,,,,,,,,,7.699999809,,,,,,,,,,2.920000076,,,,,,,,,,2.001699924,2.619999886,,,,,,,,
Poland,POL,"Unemployment, total (% of total labor force) (national estimate)",SL.UEM.TOTL.NE.ZS,,,,,,,,,,,,,,,,,,,,,,,,,,,,,,,,,13.31900024,13.99800014,14.44400024,13.3380003,12.35400009,10.96440029,9.935400009,12.28979969,16.31310081,18.37339973,19.89489937,19.3696003,19.07279968,17.7458992,13.84049988,9.601699829,7.117599964,8.166799545,9.637200356,9.631699562,10.08769989,10.32590008,8.989800453,7.500999928,6.16079998,4.88740015,3.845499992,
Pre-demographic dividend,PRE,"Unemployment, total (% of total labor force) (national estimate)",SL.UEM.TOTL.NE.ZS,,,,,,,,,,,,,,,,,,,,,,,,,,,,,,,,,,,,,,,,,,,,,,,,,,,,,,,,,,,,
Puerto Rico,PRI,"Unemployment, total (% of total labor force) (national estimate)",SL.UEM.TOTL.NE.ZS,,,,,,,,,,,,11.52000046,11.82999992,11.60999966,13.13000011,,19.64999962,19.04000092,16.72999954,14.52999973,17.10000038,17.82999992,19.90999985,22.23999977,20,20.67000008,19.53000069,17.01000023,15.01000023,14.60000038,14.52000046,16.18000031,16.93000031,16.90999985,14.60000038,13.93000031,13.64000034,13.80000019,13.46000004,11.81000042,10.07999992,11.39999962,11.93999958,11.77999973,10.31000042,11.35000038,11.01000023,10.93000031,11.47999954,15,16.10000038,15.69999981,14.5,14.30000019,13.89999962,12,11.80000019,10.80000019,9.199999809,8.270799637
"Korea, Dem. People’s Rep.",PRK,"Unemployment, total (% of total labor force) (national estimate)",SL.UEM.TOTL.NE.ZS,,,,,,,,,,,,,,,,,,,,,,,,,,,,,,,,,,,,,,,,,,,,,,,,,,,,,,,,,,,,
Portugal,PRT,"Unemployment, total (% of total labor force) (national estimate)",SL.UEM.TOTL.NE.ZS,,,,,,,,,,,,,,,1.769999981,4.5,6.400000095,,7.889999866,7.940000057,,,,7.300000191,,8.180000305,8.698200226,7.376699924,6.010499954,5.130099773,4.64440012,3.919100046,3.984600067,5.300300121,6.713099957,7.063700199,7.297699928,6.571199894,4.652400017,4.578000069,3.809400082,3.828399897,4.496600151,6.131599903,6.316599846,7.581699848,7.647399902,7.963699818,7.551700115,9.431900024,10.76990032,12.67720032,15.52680016,16.1833992,13.89410019,12.44439983,11.06620026,8.866999626,6.993400097,
Paraguay,PRY,"Unemployment, total (% of total labor force) (national estimate)",SL.UEM.TOTL.NE.ZS,,,,,,,,,,,,,,,,,,,,5.690000057,4.110000134,,5.610000134,8.25,7.329999924,5.130000114,6.099999905,5.510000229,4.71999979,5.619999886,5.800000191,5.099999905,4.980000019,5.059999943,4.409999847,3.400000095,8.149999619,5.360000134,,9.399999619,7.610000134,,9.392999649,6.813899994,6.513199806,4.824699879,5.276500225,4.713300228,4.415200233,5.460199833,4.569099903,4.669499874,4.085499763,4.384699821,5.033800125,4.555799961,5.254600048,4.614600182,6.217299938,
West Bank and Gaza,PSE,"Unemployment, total (% of total labor force) (national estimate)",SL.UEM.TOTL.NE.ZS,,,,,,,,,,,,,,,,,,,,,,,,,,,,,,,,,,,,,,,,,10.62510014,21.49270058,27.46489906,23.00419998,23.21489906,20.01569939,19.01409912,18.28190041,22.91309929,20.45179939,21.41600037,17.59729958,19.20219994,19.89410019,20.5265007,23.00489998,23.93930054,25.6765995,26.2560997,
Pacific island small states,PSS,"Unemployment, total (% of total labor force) (national estimate)",SL.UEM.TOTL.NE.ZS,,,,,,,,,,,,,,,,,,,,,,,,,,,,,,,,,,,,,,,,,,,,,,,,,,5.759284785,,,,,,,,,,
Post-demographic dividend,PST,"Unemployment, total (% of total labor force) (national estimate)",SL.UEM.TOTL.NE.ZS,,,,,,,,,,,,,,,,,,,,,,,,,,,,,,,5.734344803,6.542363596,7.116087173,7.633007546,7.63947812,7.181709693,7.316701067,7.175073296,7.221956272,6.956352423,6.389862884,6.234897938,6.638622703,6.73301181,6.528663283,6.22406845,5.87007264,5.469391795,5.813416798,8.023776262,8.324212104,7.960613656,8.013437438,7.927884421,7.408247587,6.820858916,6.44256851,5.867784687,5.344575503,
French Polynesia,PYF,"Unemployment, total (% of total labor force) (national estimate)",SL.UEM.TOTL.NE.ZS,,,,,,,,,,,,,,,,,,,,,,,,,,,,,9.699999809,,,,,,,,,,,,,,11.71000004,,,,,11.73999977,,,,,,,,,,,,
Qatar,QAT,"Unemployment, total (% of total labor force) (national estimate)",SL.UEM.TOTL.NE.ZS,,,,,,,,,,,,,,,,,,,,,,,,,,,,,,,,,,,,,,,,,,,,,1.480000019,,0.870000005,0.519999981,0.310000002,0.310000002,0.449999988,0.560000002,0.479999989,0.280000001,0.200000003,0.170000002,0.150000006,0.140000001,0.109999999,
Romania,ROU,"Unemployment, total (% of total labor force) (national estimate)",SL.UEM.TOTL.NE.ZS,,,,,,,,,,,,,,,,,,,,,,,,,,,,,,,,,8.260000229,,8.170000076,8.010000229,6.739999771,5.514200211,5.629199982,6.236999989,6.966700077,6.557899952,8.109999657,6.94990015,7.719099998,7.174399853,7.269499779,6.413099766,5.787499905,6.85890007,6.959199905,7.177400112,6.793700218,7.096000195,6.802100182,6.811800003,5.901400089,4.92689991,4.186900139,
Russian Federation,RUS,"Unemployment, total (% of total labor force) (national estimate)",SL.UEM.TOTL.NE.ZS,,,,,,,,,,,,,,,,,,,,,,,,,,,,,,,,,5.181000233,5.882999897,8.130999565,9.449000359,9.664999962,11.81299973,13.26099968,13.03600025,10.58100033,8.977999687,7.875,8.210000038,7.763000011,7.124000072,7.054999828,6.001999855,6.204999924,8.300999641,7.368800163,6.53550005,5.436299801,5.457699776,5.160099983,5.570899963,5.55880022,5.212299824,4.845900059,
Rwanda,RWA,"Unemployment, total (% of total labor force) (national estimate)",SL.UEM.TOTL.NE.ZS,,,,,,,,,,,,,,,,,,,,,,,,,,,,,,0.800000012,,0.300000012,,,,,0.560000002,,,,,,0.889999986,,,,,,,,,,,,1.16929996,,,17.35740089,15.11330032,
South Asia,SAS,"Unemployment, total (% of total labor force) (national estimate)",SL.UEM.TOTL.NE.ZS,,,,,,,,,,,,,,,,,,,,,,,,,,,,,,,,,,,2.537266945,,,,,,3.239466023,,,,,3.078605119,,,,,2.392050179,,2.69323549,,,,,,5.169248193,
Saudi Arabia,SAU,"Unemployment, total (% of total labor force) (national estimate)",SL.UEM.TOTL.NE.ZS,,,,,,,,,,,,,,,,,,,,,,,,,,,,,,,,,7.199999809,,,,,,,4.349999905,4.570000172,4.619999886,5.269999981,5.559999943,5.820000172,6.050000191,6.25,5.730000019,5.079999924,5.380000114,5.550000191,5.769999981,5.519999981,5.570000172,5.71999979,5.590000153,5.650000095,5.889999866,6.039999962,
Sudan,SDN,"Unemployment, total (% of total labor force) (national estimate)",SL.UEM.TOTL.NE.ZS,,,,,,,,,,,,,,,,,,,19.39999962,,,,,13.19999981,,12.10000038,13.10999966,,,,,,,,,,,,,,,,,,,,,,14.80000019,13,,17.43980026,,,,,,,,
Senegal,SEN,"Unemployment, total (% of total labor force) (national estimate)",SL.UEM.TOTL.NE.ZS,,,,,,,,,,,,,,,,,,,,,,,,,,,,,,,,,,,,,,,,,,,5.650000095,,,,10.02999973,,,,,10.35999966,,,,6.757400036,,,,
Singapore,SGP,"Unemployment, total (% of total labor force) (national estimate)",SL.UEM.TOTL.NE.ZS,,,,,,,,,,,6.059999943,4.800000191,4.699999809,4.510000229,3.970000029,4.550000191,4.480000019,3.930000067,2.25999999,2.119999886,1.799999952,1.649999976,1.5,1.690000057,2.690000057,4.269999981,6.840000153,5,3.549999952,2.349999905,,2.180000067,3.089999914,3.069999933,3.029999971,3.299999952,3.569999933,2.5,3.410000086,4.849999905,3.700000048,3.75999999,5.650000095,5.929999828,5.840000153,5.590000153,4.480000019,3.900000095,3.960000038,5.860000134,4.119999886,3.890000105,3.720000029,3.859999895,3.74000001,3.789999962,4.079999924,4.199999809,,
Solomon Islands,SLB,"Unemployment, total (% of total labor force) (national estimate)",SL.UEM.TOTL.NE.ZS,,,,,,,,,,,,,,,,,,,,,,,,,,,,,,,,,,,,,,,,,,,,,,,,,,2.019999981,,,,0.693899989,,,,,,
Sierra Leone,SLE,"Unemployment, total (% of total labor force) (national estimate)",SL.UEM.TOTL.NE.ZS,,,,,,,,,,,,,,,,,,,,,,,,,,,,,,,,,,,,,,,,,,,,,3.420000076,,,,,,,,,,4.677999973,,,,,
El Salvador,SLV,"Unemployment, total (% of total labor force) (national estimate)",SL.UEM.TOTL.NE.ZS,,,,,,,,,,,,,,,,,,,3.730000019,6.789999962,13.34000015,,,,,16.95000076,8.630000114,,9.369999886,8.350000381,9.960000038,7.53000021,7.880000114,9.93999958,7.679999828,7.650000095,7.679999828,7.980000019,7.099999905,6.679999828,6.960000038,6.960000038,5.730000019,6.260000229,6.050000191,7.21999979,6.570000172,6.409999847,5.880000114,7.329999924,4.893199921,4.297299862,3.843100071,3.692600012,4.153999805,3.998300076,4.418300152,4.385000229,4.005700111,
San Marino,SMR,"Unemployment, total (% of total labor force) (national estimate)",SL.UEM.TOTL.NE.ZS,,,,,,,,,,,,,,,,,,,,4.800000191,5.800000191,,,,7.199999809,6.900000095,6.900000095,6.199999809,6,5.300000191,5.5,4.300000191,4.199999809,5.099999905,3.900000095,3.900000095,5.099999905,4.400000095,4.099999905,3,2.799999952,,,,,2.109999895,1.629999995,,,4.019999981,4.369999886,5.059999943,5.190000057,6.079999924,6.610000134,7.380000114,6.449999809,,,
Somalia,SOM,"Unemployment, total (% of total labor force) (national estimate)",SL.UEM.TOTL.NE.ZS,,,,,,,,,,,,,,,,,,,,,,,,,,,,,,,,,,,,,,,,,,,,,,,,,,,,,,,,,,,,
Serbia,SRB,"Unemployment, total (% of total labor force) (national estimate)",SL.UEM.TOTL.NE.ZS,,,,,,,,,,,,,,,,,,,,,,,,,,,,,,,,,,,,13.39999962,13.19999981,13.80000019,13.69999981,13.69999981,12.60000038,12.80000019,13.80000019,15.19999981,18.5,20.85000038,20.85000038,18.05999947,13.70479965,16.14220047,19.21759987,22.96619987,23.99990082,22.15369987,19.22340012,17.65970039,15.25739956,13.47700024,12.73270035,
Sub-Saharan Africa (excluding high income),SSA,"Unemployment, total (% of total labor force) (national estimate)",SL.UEM.TOTL.NE.ZS,,,,,,,,,,,,,,,,,,,,,,,,,,,,,,,,,,,,,,,,,,,,,,,,,,,,,,,,,,,,
South Sudan,SSD,"Unemployment, total (% of total labor force) (national estimate)",SL.UEM.TOTL.NE.ZS,,,,,,,,,,,,,,,,,,,,,,,,,,,,,,,,,,,,,,,,,,,,,,,,,12.14999962,,,,,,,,,,,
Sub-Saharan Africa,SSF,"Unemployment, total (% of total labor force) (national estimate)",SL.UEM.TOTL.NE.ZS,,,,,,,,,,,,,,,,,,,,,,,,,,,,,,,,,,,,,,,,,,,,,,,,,,,,,,,,,,,,
Small states,SST,"Unemployment, total (% of total labor force) (national estimate)",SL.UEM.TOTL.NE.ZS,,,,,,,,,,,,,,,,,,,,,,,,,,,,,,,,,,,,,,,,,,,,,,,,,,,,,,,,,,,,
Sao Tome and Principe,STP,"Unemployment, total (% of total labor force) (national estimate)",SL.UEM.TOTL.NE.ZS,,,,,,,,,,,,,,,,,,,,0.610000014,0.569999993,0.699999988,0.560000002,0.479999989,0.340000004,,,,,,,,,,,,,,,,14.39999962,15.72999954,17.62999916,16.36000061,16.12000084,16.46999931,16.64999962,,,,,,13.59000015,,,,,,,
Suriname,SUR,"Unemployment, total (% of total labor force) (national estimate)",SL.UEM.TOTL.NE.ZS,,,,,,,,,,,,,,,,,,,,,,,,,,,16.37000084,19.53000069,,15.51000023,15.64999962,,17.28000069,15.64000034,12.69999981,8.390000343,10.88000011,10.56000042,10.63000011,13.60000038,,,,,9.489999771,,,,,8.720000267,7.150000095,7.539999962,8.100000381,6.599999905,6.940000057,7.21999979,,,,
Slovak Republic,SVK,"Unemployment, total (% of total labor force) (national estimate)",SL.UEM.TOTL.NE.ZS,,,,,,,,,,,,,,,,,,,,,,,,,,,,,,,,,,12.19999981,13.65400028,13.10900021,11.3409996,11.89400005,12.18659973,15.94709969,19.06159973,19.38249969,18.72100067,17.1196003,18.59939957,16.2560997,13.37279987,11.14340019,9.507599831,12.02540016,14.37940025,13.61740017,13.96329975,14.22049999,13.18410015,11.48079967,9.670200348,8.130999565,6.536300182,
Slovenia,SVN,"Unemployment, total (% of total labor force) (national estimate)",SL.UEM.TOTL.NE.ZS,,,,,,,,,,,,,,,,,,,,,,,,,,,,,,,,7.079999924,,8.510000229,8.239999771,7.150000095,6.907800198,6.646999836,7.388899803,7.324399948,6.917699814,5.682099819,5.921999931,6.478600025,6.011600018,6.505599976,5.950200081,4.818099976,4.370600224,5.856900215,7.236199856,8.166000366,8.840200424,10.10229969,9.667599678,8.962300301,8.000100136,6.564400196,5.107800007,
Sweden,SWE,"Unemployment, total (% of total labor force) (national estimate)",SL.UEM.TOTL.NE.ZS,,,,,,,,,,1.889999986,1.50999999,2.549999952,2.700000048,2.460000038,1.980000019,1.620000005,1.610000014,,,,,,3.140000105,3.480000019,3.069999933,2.829999924,2.230000019,2.150000095,,1.460000038,1.832000017,3.243000031,5.722000122,9.329999924,9.579999924,8.897399902,9.546699524,10.35859966,8.940799713,7.606999874,5.465899944,4.73029995,4.965099812,5.554699898,6.693099976,7.48570013,7.06580019,6.160900116,6.234799862,8.350899696,8.609700203,7.804100037,7.975699902,8.052100182,7.953499794,7.431600094,6.989999771,6.718299866,6.346099854,
Eswatini,SWZ,"Unemployment, total (% of total labor force) (national estimate)",SL.UEM.TOTL.NE.ZS,,,,,,,,,,,,,,,,,,,,,,,,,,,,,,,,,,,,21.64999962,,22.5,,,,,,,,,,28.23999977,,,,,,,,,22.71769905,,,
Sint Maarten (Dutch part),SXM,"Unemployment, total (% of total labor force) (national estimate)",SL.UEM.TOTL.NE.ZS,,,,,,,,,,,,,,,,,,,,,,,,,,,,,,,,,,,,,,,,,,,,,,,,,,,,,,,,,,,,
Seychelles,SYC,"Unemployment, total (% of total labor force) (national estimate)",SL.UEM.TOTL.NE.ZS,,,,,,,,,,,,,,,,,,,,,,,,,,,,,,,,,,,10.35000038,,,,,,,,9.81000042,,,5.5,,,,,,4.110000134,,,3.840699911,4.151199818,3.964900017,3.714900017,3.527800083,
Syrian Arab Republic,SYR,"Unemployment, total (% of total labor force) (national estimate)",SL.UEM.TOTL.NE.ZS,,,,,,,,,,4.300000191,6.400000095,7.5,4.699999809,4.5,5.099999905,4.809999943,6.199999809,5,4.5,3.799999952,,,,4.239999771,4.699999809,,,,,5.78000021,,6.75,,7.400000095,7.5,7.199999809,,,,7.599999905,,11.63000011,11.68000031,10.27999973,,,8.170000076,8.420000076,10.93999958,8.140000343,8.609999657,,,,,,,,,
Turks and Caicos Islands,TCA,"Unemployment, total (% of total labor force) (national estimate)",SL.UEM.TOTL.NE.ZS,,,,,,,,,,,,,,,,,,,,,,,,,,,,,,,,,,,,,,,,,,9.710000038,6.179999828,7.769999981,9.859999657,8.039999962,7.449999809,5.429999828,8.300000191,,,,,,,,,,,
Chad,TCD,"Unemployment, total (% of total labor force) (national estimate)",SL.UEM.TOTL.NE.ZS,,,,,,,,,,,,,,,,,,,,,,,,,,,,,,,,,,0.699999988,,,,,,,,,,,,,,,,,,,,,,,,,,
East Asia & Pacific (IDA & IBRD countries),TEA,"Unemployment, total (% of total labor force) (national estimate)",SL.UEM.TOTL.NE.ZS,,,,,,,,,,,,,,,,,,,,,,,,,,,,,,,2.767648716,2.594594162,2.549059608,2.795172387,3.111748923,3.058459093,3.217258855,3.330982249,3.835467194,3.612588297,3.593693785,3.773703479,4.341225194,4.315712578,4.317129715,4.457425623,4.349801988,4.189762605,4.37162709,4.218308192,3.928792348,3.914168593,3.830546741,3.78577027,3.788726137,,,3.605283557,3.542700697,
Europe & Central Asia (IDA & IBRD countries),TEC,"Unemployment, total (% of total labor force) (national estimate)",SL.UEM.TOTL.NE.ZS,,,,,,,,,,,,,,,,,,,,,,,,,,,,,,,,,6.516771504,6.981098478,8.38278576,8.500352721,9.052449456,9.937290319,10.83324994,11.56980795,10.16421123,9.795144659,9.697968447,9.466142354,9.216601596,8.612107888,8.001466033,7.01826818,6.903851488,8.93864202,8.602934897,7.905029874,7.419847533,7.480911668,7.542274738,7.527051843,7.418734796,7.116646405,6.908429492,
Togo,TGO,"Unemployment, total (% of total labor force) (national estimate)",SL.UEM.TOTL.NE.ZS,,,,,,,,,,,,,,,,,,,,,,,,,,,,,,,,,,,,,,,,,,,,,,,4.22879982,,,,,1.98150003,,,5.468599796,2.203900099,,3.743999958,,
Thailand,THA,"Unemployment, total (% of total labor force) (national estimate)",SL.UEM.TOTL.NE.ZS,,,,,,,,,,,,0.189999998,0.50999999,0.430000007,0.469999999,0.449999988,0.600000024,0.899999976,0.75,0.920000017,0.930000007,1.25999999,2.660000086,2.900000095,2.900000095,4.929999828,3.5,5.769999981,3.039999962,1.389999986,2.210000038,2.630000114,1.350000024,1.49000001,1.346593142,1.100000024,1.070894122,0.872862101,3.404355526,2.968135595,2.388842106,2.599999905,1.820000052,1.539999962,1.50999999,1.350000024,1.220000029,1.179999948,1.179999948,1.49000001,0.621500015,0.660000026,0.579999983,0.489199996,0.575600028,0.596700013,0.688000023,0.829999983,0.765500009,
Tajikistan,TJK,"Unemployment, total (% of total labor force) (national estimate)",SL.UEM.TOTL.NE.ZS,,,,,,,,,,,,,,,,,,,,,,,,,,,,,,,,,0.400000006,1.200000048,1.700000048,2,2.599999905,2.700000048,3.200000048,3,2.700000048,2.299999952,2.5,2.400000095,2,2,2.200000048,2.5,,11.5,,,,,,,6.900000095,,,
Turkmenistan,TKM,"Unemployment, total (% of total labor force) (national estimate)",SL.UEM.TOTL.NE.ZS,,,,,,,,,,,,,,,,,,,,,,,,,,,,,,,,,,,,,,,,,,,,,,,,,,4,4,,,,,,,,,
Latin America & the Caribbean (IDA & IBRD countries),TLA,"Unemployment, total (% of total labor force) (national estimate)",SL.UEM.TOTL.NE.ZS,,,,,,,,,,,,,,,,,,,,,,,,,,,,,,,6.007967621,,6.302901895,6.419244051,,8.039559861,8.512371744,8.141932641,8.853170634,9.627552876,,8.967759254,9.55369475,9.172679138,8.182212474,8.110535393,6.889392356,7.093424135,6.508356428,7.530739949,,6.369697902,6.394690706,6.147231141,5.974513994,6.508966038,7.833544779,8.176737987,8.397786948,
Timor-Leste,TLS,"Unemployment, total (% of total labor force) (national estimate)",SL.UEM.TOTL.NE.ZS,,,,,,,,,,,,,,,,,,,,,,,,,,,,,,,,,,,,,,,,,,,,,,,,,,,3.300899982,,,10.9854002,,,4.657299995,,,
Middle East & North Africa (IDA & IBRD countries),TMN,"Unemployment, total (% of total labor force) (national estimate)",SL.UEM.TOTL.NE.ZS,,,,,,,,,,,,,,,,,,,,,,,,,,,,,,,,12.44955842,,,,,,,,,,,13.58737974,,11.81304705,12.4060052,11.09444221,10.4060943,10.29856572,10.41511497,10.97938652,11.6749496,11.90384148,11.44751236,11.4235046,11.79980476,11.80108359,12.45236907,,
Tonga,TON,"Unemployment, total (% of total labor force) (national estimate)",SL.UEM.TOTL.NE.ZS,,,,,,,,,,,,,,,,,,,,,,,,,,,,,,,4.159999847,,,1.299999952,,,,,,,,,,5.179999828,,,1.090000033,,,,,,,,,,,,3.068599939,
South Asia (IDA & IBRD),TSA,"Unemployment, total (% of total labor force) (national estimate)",SL.UEM.TOTL.NE.ZS,,,,,,,,,,,,,,,,,,,,,,,,,,,,,,,,,,,2.537266945,,,,,,3.239466023,,,,,3.078605119,,,,,2.392050179,,2.69323549,,,,,,5.169248193,
Sub-Saharan Africa (IDA & IBRD countries),TSS,"Unemployment, total (% of total labor force) (national estimate)",SL.UEM.TOTL.NE.ZS,,,,,,,,,,,,,,,,,,,,,,,,,,,,,,,,,,,,,,,,,,,,,,,,,,,,,,,,,,,,
Trinidad and Tobago,TTO,"Unemployment, total (% of total labor force) (national estimate)",SL.UEM.TOTL.NE.ZS,,,,,,,,,,13.17000008,12.76000023,13.02999973,,15.39999962,15.23999977,14.98999977,,8.979999542,7.269999981,6.75,6.03000021,6.309999943,6.21999979,6.610000134,8.170000076,9.31000042,9.369999886,22.11000061,21.87999916,21.95000076,19.87000084,18.52000046,19.65999985,19.80999947,18.44000053,17.21999931,16.25,15.01000023,14.21000004,13.11999989,12.10000038,10.88000011,10.39000034,10.47999954,8.329999924,7.949999809,6.269999981,5.539999962,4.630000114,5.28000021,4.032800198,3.425400019,3.718300104,2.683399916,2.476799965,2.427599907,3.207400084,,,
Tunisia,TUN,"Unemployment, total (% of total labor force) (national estimate)",SL.UEM.TOTL.NE.ZS,,,,,,,,,,,,,,,,,,,,,,,,,,,,,,16.12999916,,,,,,,,15.93999958,,15.21000004,14.93999958,14.39999962,14.55000019,14.51000023,14.22999954,12.87220001,12.51010036,12.36480045,12.44349957,13.29049969,13.04889965,18.33399963,17.62960052,15.93379974,,15.15919971,15.51420021,15.37930012,15.45860004,
Turkey,TUR,"Unemployment, total (% of total labor force) (national estimate)",SL.UEM.TOTL.NE.ZS,,,,,,,,,,,,,,,,,,,,,,,10.93000031,12.06000042,11.92000008,11.21000004,,,8.039999962,8.260000229,8.015000343,8.210000038,8.508999825,8.961999893,8.576999664,7.644000053,6.629000187,6.84100008,6.888000011,7.686999798,6.494999886,8.380999565,10.3579998,10.54199982,10.8380003,10.63599968,8.718299866,8.868300438,9.709899902,12.55220032,10.65970039,8.795900345,8.149499893,8.731900215,9.879799843,10.23600006,10.83860016,10.81919956,10.89019966,
Tuvalu,TUV,"Unemployment, total (% of total labor force) (national estimate)",SL.UEM.TOTL.NE.ZS,,,,,,,,,,,,,,,,,,,,,,,,,,,,,,,,,,,,,,,,,,,6.53000021,,,,,,,,,,,,,,8.489100456,,,
Tanzania,TZA,"Unemployment, total (% of total labor force) (national estimate)",SL.UEM.TOTL.NE.ZS,,,,,,,,,,,,,,,,,,,,,,,,,,,,,,,,3.599999905,,,,,,,,,,2.994400024,3.599999905,,,,3.299400091,,,2.5,,3.470000029,,2.930000067,2.124900103,,,,,
Uganda,UGA,"Unemployment, total (% of total labor force) (national estimate)",SL.UEM.TOTL.NE.ZS,,,,,,,,,,,,,,,,,,,,,,,,,,,,,,,,0.939999998,0.920000017,,,,,,,,,,3.5,3.599999905,,1.899999976,,,,3.599999905,,,3.550800085,1.909999967,,,,9.43999958,,
Ukraine,UKR,"Unemployment, total (% of total labor force) (national estimate)",SL.UEM.TOTL.NE.ZS,,,,,,,,,,,,,,,,,,,,,,,,,,,,,,,,,,,,5.619999886,7.650000095,8.930000305,11.31999969,11.86429977,11.70720005,11.06089973,10.13560009,9.056799889,8.590000153,7.179999828,6.810400009,6.350500107,6.36289978,8.840000153,8.100000381,7.851399899,7.528800011,7.170000076,9.270000458,9.140000343,9.350000381,9.510000229,8.79940033,
Upper middle income,UMC,"Unemployment, total (% of total labor force) (national estimate)",SL.UEM.TOTL.NE.ZS,,,,,,,,,,,,,,,,,,,,,,,,,,,,,,,3.314213654,3.254163038,3.593124848,3.85620773,4.155052074,4.726160189,4.722143966,4.922897011,5.324221118,5.54769116,5.215222786,5.746772615,6.211988757,6.199717901,5.920227406,5.900219981,5.517149767,5.400920829,5.350657822,5.875641076,5.432217113,5.381003907,5.362751988,5.230134169,5.267261303,,,5.76191528,5.585649163,
Uruguay,URY,"Unemployment, total (% of total labor force) (national estimate)",SL.UEM.TOTL.NE.ZS,,,,,,,,,,,7.5,7.599999905,7.699999809,8.899999619,8.100000381,,,,,,7.300000191,6.599999905,11.69999981,,9.93999958,,10.69999981,9.100000381,,,8.529999733,8.949999809,8.960000038,8.350000381,9.039999962,10.02000046,11.93000031,11.43999958,9.362099648,10.4659996,12.6267004,15.05150032,16.64819908,16.6609993,12.97949982,12.00879955,10.84360027,9.403400421,8.025500298,7.740099907,7.158199787,6.307099819,6.451300144,6.443699837,6.547399998,7.48789978,7.840600014,7.8895998,8.335800171,
United States,USA,"Unemployment, total (% of total labor force) (national estimate)",SL.UEM.TOTL.NE.ZS,5.5,6.699999809,5.5,5.699999809,5.199999809,4.5,3.799999952,3.799999952,3.599999905,3.5,4.900000095,5.900000095,5.599999905,4.900000095,5.599999905,8.5,7.699999809,7.099999905,6.099999905,5.800000191,7.099999905,7.599999905,9.699999809,9.600000381,7.5,7.199999809,7,6.199999809,5.5,5.300000191,5.599999905,6.800000191,7.5,6.900000095,6.118700027,5.650400162,5.451099873,5.000299931,4.510499954,4.218800068,3.992000103,4.731299877,5.783199787,5.988699913,5.528600216,5.083499908,4.623000145,4.622099876,5.784200191,9.254199982,9.633399963,8.949199677,8.069399834,7.374899864,6.167500019,5.28000021,4.86920023,4.355199814,3.89560008,3.669199944
Uzbekistan,UZB,"Unemployment, total (% of total labor force) (national estimate)",SL.UEM.TOTL.NE.ZS,,,,,,,,,,,,,,,,,,,,,,,,,,,,,,,,,0.200000003,0.400000006,0.400000006,0.400000006,,,,,0.400000006,0.400000006,0.400000006,0.300000012,0.400000006,0.300000012,0.200000003,0.300000012,0.400000006,5,5.400000095,5,4.900000095,4.900000095,5.099999905,5.199999809,5.199999809,5.800000191,9.300000191,
St. Vincent and the Grenadines,VCT,"Unemployment, total (% of total labor force) (national estimate)",SL.UEM.TOTL.NE.ZS,,,,,,,,,,,,,,,,,,,,,23.5,,,,,,,,,,,19.77000046,,,,,,,,,,21.10000038,,,,,,,18.79000092,,,,,,,,,,,
"Venezuela, RB",VEN,"Unemployment, total (% of total labor force) (national estimate)",SL.UEM.TOTL.NE.ZS,,,,,,,,,,,,,,,,7.010000229,6.340000153,5.110000134,4.980000019,5.809999943,5.889999866,7,8.050000191,11.48999977,12.85999966,13.15999985,10.93000031,9.100000381,7.28000021,9.739999771,13.96000004,,,,8.56000042,10.23999977,11.77000046,,,,,8.829999924,16.17000008,16.78000069,,10.66259956,8.605799675,7.279099941,6.245100021,6.097400188,7.112199783,6.901800156,6.600599766,,,,,,,
British Virgin Islands,VGB,"Unemployment, total (% of total labor force) (national estimate)",SL.UEM.TOTL.NE.ZS,,,,,,,,,,,,,,,,,,,,,,,,,,,,,,,,3.289999962,,,,,,,,,,,,,,,,,,,,,,,,,,,,
Virgin Islands (U.S.),VIR,"Unemployment, total (% of total labor force) (national estimate)",SL.UEM.TOTL.NE.ZS,,,,,,,,,,,,,,,,,,,,,,,,,,,,,,,,,,,,,,,,,,,,,,,,,,,,,,,,,,,,
Vietnam,VNM,"Unemployment, total (% of total labor force) (national estimate)",SL.UEM.TOTL.NE.ZS,,,,,,,,,,,,,,,,,,,,,,,,,,,,,,,,,,,,,1.929999948,2.869999886,2.289999962,2.329999924,2.25999999,2.75999999,2.119999886,2.25,2.140000105,,,2.026400089,,1.736799955,1.113600016,1.87530005,1.675999999,1.976699948,1.87349999,2.124599934,2.083400011,2.053499937,1.995599985,
Vanuatu,VUT,"Unemployment, total (% of total labor force) (national estimate)",SL.UEM.TOTL.NE.ZS,,,,,,,,,,,,,,,,,,,,,,,,,,,,,,,,,,,,,,,,,,,,,,,8.006400108,,,4.564700127,1.847599983,,,,,,,,,
World,WLD,"Unemployment, total (% of total labor force) (national estimate)",SL.UEM.TOTL.NE.ZS,,,,,,,,,,,,,,,,,,,,,,,,,,,,,,,,,,,4.832271738,,5.56517011,,,6.142733896,5.306169916,,6.537187456,6.422282359,,5.506476333,5.708490119,5.465011174,,6.255532722,5.394838399,5.88055294,5.421052495,5.63963651,5.576680552,,,5.787200123,5.247575637,
Samoa,WSM,"Unemployment, total (% of total labor force) (national estimate)",SL.UEM.TOTL.NE.ZS,,,,,,,,,,,,,,,,,,,,,,,,,,,,,,,,2.099999905,,,,,,,,,,4.960000038,,,,,1.289999962,,,,,5.679999828,8.751999855,,8.720000267,,,14.47189999,,
Kosovo,XKX,"Unemployment, total (% of total labor force) (national estimate)",SL.UEM.TOTL.NE.ZS,,,,,,,,,,,,,,,,,,,,,,,,,,,,,,,,,,,,,,,,,,57,55,49.70000076,39.70000076,41.40000153,44.90000153,46.29999924,47.5,45.40000153,,,30.87859917,,35.15000153,32.93000031,27.46999931,30.34000015,29.42000008,
"Yemen, Rep.",YEM,"Unemployment, total (% of total labor force) (national estimate)",SL.UEM.TOTL.NE.ZS,,,,,,,,,,,,,,,,,,,,,,,,,,,,,,,,,,,8.340000153,,,,,11.46000004,,,,,16.22999954,16.04999924,15.69999981,15.32999992,14.97000027,14.63000011,17.81999969,,,,13.46710014,,,,,
South Africa,ZAF,"Unemployment, total (% of total labor force) (national estimate)",SL.UEM.TOTL.NE.ZS,,,,,,,,,,,,,,,,,,,,,,,,,,,,,,,,,,,,,,,25,25.37000084,29.87960052,30.68790054,33.29140091,32.30960083,29.45289993,29.12220001,28.3423996,26.53989983,22.40710068,23.52319908,24.68309975,24.63890076,24.72719955,24.56130028,24.89010048,25.14940071,26.53650093,27.03540039,26.90620041,28.46809959
Zambia,ZMB,"Unemployment, total (% of total labor force) (national estimate)",SL.UEM.TOTL.NE.ZS,,,,,,,,,,,,,,,,,,,,,,,,,,,13,,,,15,18.89999962,,19.70000076,,,15.30000019,,12,,12.93000031,,,,,15.89999962,,,7.929999828,,13.18999958,,7.849999905,,,,,11.62580013,,
Zimbabwe,ZWE,"Unemployment, total (% of total labor force) (national estimate)",SL.UEM.TOTL.NE.ZS,,,,,,,,,,,,,,,,,,,,,,,10.80000019,,,,,7.179999828,,,,,,,4.960000038,,,6.929999828,,6,,,,,4.389999866,,,,,,,5.368100166,,,4.774099827,,,,,
